query_id,query_type,query,gold_law,gold_article,augmented_context
Q001,formal_direct,ما الدعاوى والطلبات التي لا تسري عليها أحكام التكاليف القضائية؟,نظام التكاليف القضائية,المادة الثانية,"(نظام التكاليف القضائية - المادة الثامنة)
المادة الثامنة
١.تُقرض على الطلبات الآتية تكاليف قضائية بمبلغ لا يزيد على ألف ريال وفقاً للمعايير والضوابط وقواعد التقدير التي تحددهااللائحة:
أ- طلب ذي المصلحة تسليمه نسخة مصدقة من أوراق الدعوى أو سجلاتها -الورقية أو الإلكترونية- أو الوثائق أو الأوراق التي تحت يدالمحكمة.
ب- طلب ذي المصلحة الاطلاع على أوراق الدعوى أو سجلاتها (الورقية أوالإلكترونية).
ج- طلب نسخة بديلة للوثائقالقضائية.
؟. لا تسري أحكام الفقرة )١( من هذه المادة على الطلبات التي تقدم أثناء نظر الدعوى من أطرافها أو المدخلينفيها.

(نظام التكاليف القضائية - المادة الثانية)
المادة الثانية
تسري أحكام النظام على جميع الدعاوى والطلبات التي تقدم إلى المحاكم» فيما عدا مايأتي:
١.الدعاوى الجزائية العامة»والدعاوى التأديبية»والطلبات المتعلقبها.
؟.الدعاوى والطلبات التي تختص بها محاكم الأحوال الشخصية» عدا طلب النقض وطلب التماس إعادةالنظر.
.الدعاوى والطلبات التي يختص بها ديوانالمظالم.
.الدعاوى والطلبات المتعلقة بدعاوى قسمة التركات؛ عدا طلب النقض وطلب التماس إعادةالنظر.
"".الإنهاءات وما يتعلق بها منطلبات.

(نظام التكاليف القضائية - المادة السابعةعشرة)
المادة السابعةعشرة
مع مراعاة ما تقضي به الأنظمة والمعاهدات والاتفاقيات الدولية التي تكون المملكة طرفاًء لا تفرض التكاليف القضائية على الفئاتالآتية:
١.المسجونون والموقوفون وقت استحقاق التكاليف القضائية في قضايا مالية غير جنائية» في الدعاوى التي تقام سواءً كانت منهم أوعليهم.
"".العمال المشمولون بنظام العمل والمستثنون منه والمستحقون عنهم؛ للمطالبة بمستحقاتهم الناشئة عن عقودعمل.
“.الوزارات والأجهزةالحكومية.
وتحدد اللائحة الإجراءات والقواعد الخاصةبذلك."
Q002,formal_paraphrase,ما الحالات المستثناة من تطبيق نظام التكاليف القضائية؟,نظام التكاليف القضائية,المادة الثانية,"(نظام التكاليف القضائية - المادة السابعةعشرة)
المادة السابعةعشرة
مع مراعاة ما تقضي به الأنظمة والمعاهدات والاتفاقيات الدولية التي تكون المملكة طرفاًء لا تفرض التكاليف القضائية على الفئاتالآتية:
١.المسجونون والموقوفون وقت استحقاق التكاليف القضائية في قضايا مالية غير جنائية» في الدعاوى التي تقام سواءً كانت منهم أوعليهم.
"".العمال المشمولون بنظام العمل والمستثنون منه والمستحقون عنهم؛ للمطالبة بمستحقاتهم الناشئة عن عقودعمل.
“.الوزارات والأجهزةالحكومية.
وتحدد اللائحة الإجراءات والقواعد الخاصةبذلك.

(نظام التكاليف القضائية - المادة السادسةعشرة)
المادة السادسةعشرة
ترد التكاليف القضائية المدفوعة متى تبين عدم وجوبها على دافعها أو استفادته من حالة من حالات الإعفاء ومن ذلكمايأتي:
١.إذا حكم لمصلحة دافع التكاليفالقضائية.
؟.طلب رد القاضي أو القضاة إذا قبل طلبالرد.
”.طلب تصحيح الحكم أو تفسيره إذا قضي بإجابةالطلب.
4.طلب الاستئناف إذا حكم بنقض الحكم المستأنف كلياً» وإذا نقض الحكم جزئياً فيعفى بقدر ذلك الجزءء وطلب النقض إذا قضي فيه بإعادة القضية إلى المحكمة مصدرةالحكم
المعترضعليه.
5.إذا ترك المدعي عليه دعواه قبل عقد الجلسة الأولى؛ وفقاً للإجراءاتالنظامية.
"".الدعاوى التي تنتهي بالصلح قبل رفع الجلسةالأولى.
.الدعاوى المتعلقة بالحقوق الخاصة التي ترفع بالتبعية للقضايا الجزائية إذا انتهت بالصلح على أي حال كانت فيهاالدعوى.
وتحدد اللائحة الإجراءات والقواعد الخاصةبذلك.

(اللائحة التنفيذية لنظام التكاليف القضائية - المادة الخامسة)
المادة الخامسة
تقدّر التكاليف القضائية لطلب التنفيذ المباشر بمبلغ قدره خمسمائة ريال» وفيما يتعلق بباقي طلبات التنفيذ فتقدر التكاليف القضائية بنسبة اثنين في المائة (؟90) من قيمة المطالبةعلى
ألا تقل هذه التكاليف عن خمسمائة ريال ولا تزيد على عشرة آلافريال.
ويتحمل المنفذ ضده التكاليف القضائية لطلب التنفيذ ما لم يتبت أن طالب التنفيذ غير مستحق لمطالبته» فيتحمل طالب التنفيذ كامل التكاليف القضائية» وإذا كان طالب التنفيذغير
مستحق لجزء من مطالبته» فيتحمل من التكاليف القضائية بقدر هذاالجزء."
Q003,informal,وش القضايا اللي ما عليها تكاليف قضائية؟,,,"(نظام التكاليف القضائية - المادة السابعةعشرة)
المادة السابعةعشرة
مع مراعاة ما تقضي به الأنظمة والمعاهدات والاتفاقيات الدولية التي تكون المملكة طرفاًء لا تفرض التكاليف القضائية على الفئاتالآتية:
١.المسجونون والموقوفون وقت استحقاق التكاليف القضائية في قضايا مالية غير جنائية» في الدعاوى التي تقام سواءً كانت منهم أوعليهم.
"".العمال المشمولون بنظام العمل والمستثنون منه والمستحقون عنهم؛ للمطالبة بمستحقاتهم الناشئة عن عقودعمل.
“.الوزارات والأجهزةالحكومية.
وتحدد اللائحة الإجراءات والقواعد الخاصةبذلك.

(نظام التكاليف القضائية - المادة الثالثة)
المادة الثالثة
تفرض تكاليف قضائية على الدعوى بمبلغ لا يزيد على ما نسبته (590) من قيمة المطالبة» وبحد أعلى مبلغ مليون ريال. وتحدد اللائحة معايير تقدير التكاليف القضائيةوالضوابط
والقواعد المنظمةلذلك.

(اللائحة التنفيذية لنظام التكاليف القضائية - المادة الثالثة)
المادة الثالثة
تقدّر التكاليف القضاتية في الدعاوى غير محددة القيمة على النحوالآتي:
-١ الدعاوى الجزائية الخاصة؛ عشرة آلافريال.
؟- الدعاوى التي تُنظر لدى المحاكم التجارية والدوائر التجارية؛ خمسة آلافرياإل.
-'٠"" الدعاوى المستعجلة أيّا كانت المحكمة أو الدائرة التي تنظرها؛ ثلاثة آلافربال.
5- الدعاوى التي تُنظر لدى المحاكم العامة؛ ثلاثة آلافريال.
5- منازعات التنفيذ؛ ثلاثة آلافربال.
""- الدعاوى التي تُنظر لدى المحاكم العمالية والدوائر العمالية؛ ألفاربال."
Q004,formal_direct,ما الحد الأعلى للتكاليف القضائية المفروضة على الدعوى؟,نظام التكاليف القضائية,المادة الثالثة,"(نظام التكاليف القضائية - المادة الثالثة)
المادة الثالثة
تفرض تكاليف قضائية على الدعوى بمبلغ لا يزيد على ما نسبته (590) من قيمة المطالبة» وبحد أعلى مبلغ مليون ريال. وتحدد اللائحة معايير تقدير التكاليف القضائيةوالضوابط
والقواعد المنظمةلذلك.

(اللائحة التنفيذية لنظام التكاليف القضائية - المادة الثالثة)
المادة الثالثة
تقدّر التكاليف القضاتية في الدعاوى غير محددة القيمة على النحوالآتي:
-١ الدعاوى الجزائية الخاصة؛ عشرة آلافريال.
؟- الدعاوى التي تُنظر لدى المحاكم التجارية والدوائر التجارية؛ خمسة آلافرياإل.
-'٠"" الدعاوى المستعجلة أيّا كانت المحكمة أو الدائرة التي تنظرها؛ ثلاثة آلافربال.
5- الدعاوى التي تُنظر لدى المحاكم العامة؛ ثلاثة آلافريال.
5- منازعات التنفيذ؛ ثلاثة آلافربال.
""- الدعاوى التي تُنظر لدى المحاكم العمالية والدوائر العمالية؛ ألفاربال.

(نظام التكاليف القضائية - المادة الثامنة)
المادة الثامنة
١.تُقرض على الطلبات الآتية تكاليف قضائية بمبلغ لا يزيد على ألف ريال وفقاً للمعايير والضوابط وقواعد التقدير التي تحددهااللائحة:
أ- طلب ذي المصلحة تسليمه نسخة مصدقة من أوراق الدعوى أو سجلاتها -الورقية أو الإلكترونية- أو الوثائق أو الأوراق التي تحت يدالمحكمة.
ب- طلب ذي المصلحة الاطلاع على أوراق الدعوى أو سجلاتها (الورقية أوالإلكترونية).
ج- طلب نسخة بديلة للوثائقالقضائية.
؟. لا تسري أحكام الفقرة )١( من هذه المادة على الطلبات التي تقدم أثناء نظر الدعوى من أطرافها أو المدخلينفيها."
Q005,formal_paraphrase,كيف يتم تحديد قيمة التكاليف القضائية بالنسبة إلى قيمة المطالبة؟,نظام التكاليف القضائية,المادة الثالثة,"(اللائحة التنفيذية لنظام التكاليف القضائية - المادة الثانية)
المادة الثانية
-١ مع مراعاة ما تقضي به المادة (الثالثة) من النظامء تُقدّر التكاليف القضائية للدعوى المحددة القيمة؛ على أساس نسبة من قيمة المطالبة فيهاء وذلك على النحوالآتي:
3 نسبة (9/05) إذا كانت قيمة المطالبة أقل من مائة ألفربال.
ب- نسبة (905) إذا كانت قيمة المطالبة مائة ألف ربإل فأكثرء وتقل عن خمسمائة ألفربال.
ج- نسبة (907) إذا كانت قيمة المطالبة خمسمائة ألف ريال فأكثرء وتقل عن مليونربال.
د- نسبة (907) إذا كانت قيمة المطالبة مليون ربإلفأعلى.
؟- تُحدد قيمة المطالبة على النحوالآتي:
أ- فيما يتعلق بالدعاوى المالية» تحدد على أساس المبلغ الذي يطلب المدعي الحكمبه.
اب- في الدعاوى المتعلقة بإثنبات صحة عقد أو فسخه أو إبطاله أو الإلزام بتنفيذه» تُحدد على أساس قيمة الشسيء المتنازع عليه وفقاً لقيمته المحددة فيالعقد.
ج- في الدعاوى المتعلقة بمنازعات ملكية عقار؛ تُحدد على أساس قيمة العقار عند رفع الدعوىء وتُحدد قيمة العقار بناء على البيانات التاريخية - الموثقة لدى وزارة العدل -لقيمة
مبايعات هذا العقار والعقارات المجاورة له» ونحو ذلك من الوسائل الأخرى التي ثُمكن الوزارة من تحليلقيمته.

(نظام التكاليف القضائية - المادة التاسعة)
المادة التاسعة
إذا ترتب على الطلب تغير في تقدير قيمة الدعوى سواء بالزيادة أو النقص» فتُحسب التكاليف القضائية للدعوى بناء على تقدير القيمة الجديدة لهاء وذلك مع عدم الإخلالبالتكاليف
القضائية المحددة للطلبذاته.

(اللائحة التنفيذية لنظام التكاليف القضائية - المادة الخامسة)
المادة الخامسة
تقدّر التكاليف القضائية لطلب التنفيذ المباشر بمبلغ قدره خمسمائة ريال» وفيما يتعلق بباقي طلبات التنفيذ فتقدر التكاليف القضائية بنسبة اثنين في المائة (؟90) من قيمة المطالبةعلى
ألا تقل هذه التكاليف عن خمسمائة ريال ولا تزيد على عشرة آلافريال.
ويتحمل المنفذ ضده التكاليف القضائية لطلب التنفيذ ما لم يتبت أن طالب التنفيذ غير مستحق لمطالبته» فيتحمل طالب التنفيذ كامل التكاليف القضائية» وإذا كان طالب التنفيذغير
مستحق لجزء من مطالبته» فيتحمل من التكاليف القضائية بقدر هذاالجزء."
Q006,informal,كم أعلى مبلغ ممكن أدفعه تكاليف قضائية على الدعوى؟,نظام التكاليف القضائية,المادة الثالثة,"(نظام التكاليف القضائية - المادة الثالثة)
المادة الثالثة
تفرض تكاليف قضائية على الدعوى بمبلغ لا يزيد على ما نسبته (590) من قيمة المطالبة» وبحد أعلى مبلغ مليون ريال. وتحدد اللائحة معايير تقدير التكاليف القضائيةوالضوابط
والقواعد المنظمةلذلك.

(نظام التكاليف القضائية - المادة الخامسة)
المادة الخامسة
تُفرض على دعوى بطلان حكم التحكيم تكاليف قضائية بما نسبته )١190( من قيمة المبلغ المحكوم به على مدعي البطلان؛ إذا حكم برفض طلبه؛ وبحد أعلى مليونربال.

(نظام التكاليف القضائية - المادة الثامنة)
المادة الثامنة
١.تُقرض على الطلبات الآتية تكاليف قضائية بمبلغ لا يزيد على ألف ريال وفقاً للمعايير والضوابط وقواعد التقدير التي تحددهااللائحة:
أ- طلب ذي المصلحة تسليمه نسخة مصدقة من أوراق الدعوى أو سجلاتها -الورقية أو الإلكترونية- أو الوثائق أو الأوراق التي تحت يدالمحكمة.
ب- طلب ذي المصلحة الاطلاع على أوراق الدعوى أو سجلاتها (الورقية أوالإلكترونية).
ج- طلب نسخة بديلة للوثائقالقضائية.
؟. لا تسري أحكام الفقرة )١( من هذه المادة على الطلبات التي تقدم أثناء نظر الدعوى من أطرافها أو المدخلينفيها."
Q007,formal_direct,متى تفرض تكاليف قضائية إضافية عند إعادة نظر الدعوى؟,نظام التكاليف القضائية,المادة الرابعة,"(نظام التكاليف القضائية - المادة الرابعة)
المادة الرابعة
إذا قررت المحكمة شطب الدعوىء أو حكمت باعتبارها كأن لم تكن» أو بعدم قبولها لعدم تحريرها؛ فتفرض تكاليف قضائية إضافية في حال نظرها مجدداً بما يعادل نسبة(/59؟)
من تكاليف نظر الدعوى في المرة الأولى» ويتحمل المدعي التكاليف الإضافية لنظرها ولو حكم لصالحه في موضوعالدعوى.

(نظام التكاليف القضائية - المادة العاشرة)
المادة العاشرة
لاتفرض تكاليف جديدة على الدعوى في أي من الحالتينالآتيتين:
١.إذا حكم بعدم الاختصاص وأقيمت الدعوى أمام المحكمةالمختصة.
؟.إذا قضت المحكمة المختصة بنقض الحكم وإعادة الدعوى إلى المحكمة التي أصدرت الحكم المعترض عليه أو إلى محكمةأخرى.

(نظام التكاليف القضائية - المادة الثانيةعشرة)
المادة الثانيةعشرة
١.فيما عدا طلب النقض وطلب التماس إعادة النظرء لايحول عدم دفع التكاليف القضائية دون قيد المحكمة للدعوى أو قيد الطلب والبت فيهماء ويكون تحصيلها وفقاً للإجراءاتالتي
تحددهااللائحة.
؟.يُمهل طالب النقض وطالب التماس إعادة النظر مدة (ثلاثين) يوماً من تاريخ قيد الطلب لدى المحكمة المختصة لسداد التكاليف القضائية المحددة للطلب؛ فإن لم يقم بالسداد خلالهذه
المدة» تحكم المحكمة بسقوط حقه في الطلبء ويُعد الحكمنهائياً."
Q008,formal_paraphrase,ما أثر شطب الدعوى ثم نظرها مجددًا على التكاليف القضائية؟,نظام التكاليف القضائية,المادة الرابعة,"(نظام التكاليف القضائية - المادة الرابعة)
المادة الرابعة
إذا قررت المحكمة شطب الدعوىء أو حكمت باعتبارها كأن لم تكن» أو بعدم قبولها لعدم تحريرها؛ فتفرض تكاليف قضائية إضافية في حال نظرها مجدداً بما يعادل نسبة(/59؟)
من تكاليف نظر الدعوى في المرة الأولى» ويتحمل المدعي التكاليف الإضافية لنظرها ولو حكم لصالحه في موضوعالدعوى.

(نظام التكاليف القضائية - المادة الثانيةعشرة)
المادة الثانيةعشرة
١.فيما عدا طلب النقض وطلب التماس إعادة النظرء لايحول عدم دفع التكاليف القضائية دون قيد المحكمة للدعوى أو قيد الطلب والبت فيهماء ويكون تحصيلها وفقاً للإجراءاتالتي
تحددهااللائحة.
؟.يُمهل طالب النقض وطالب التماس إعادة النظر مدة (ثلاثين) يوماً من تاريخ قيد الطلب لدى المحكمة المختصة لسداد التكاليف القضائية المحددة للطلب؛ فإن لم يقم بالسداد خلالهذه
المدة» تحكم المحكمة بسقوط حقه في الطلبء ويُعد الحكمنهائياً.

(نظام التكاليف القضائية - المادة الثالثةعشرة)
المادة الثالثةعشرة
١.يتحمل المحكوم عليه قيمة التكاليف القضائية المقررة للدعوى والطلبات المتصلة بها أو قسطأ منهاء ما لم ينص النظام أو اللائحة على غير ذلك» وذلك دون إخلال بحق ذويالشأن
في المطالبة بالتعويض. وفي حال كان المدعي غير محق في جزء من طلباته» فيتحمل قسط ذلكالجزء.
؟.إذا انتهت الدعوى بالصلح فيتحمل أطراف الدعوى التكاليف القضائية بالتساويء ما لم يتفقوا على غيرذلك."
Q009,informal,إذا انشطبت القضية ورجعت رفعتها، أدفع زيادة؟,نظام التكاليف القضائية,المادة الرابعة,"(نظام التكاليف القضائية - المادة الرابعة)
المادة الرابعة
إذا قررت المحكمة شطب الدعوىء أو حكمت باعتبارها كأن لم تكن» أو بعدم قبولها لعدم تحريرها؛ فتفرض تكاليف قضائية إضافية في حال نظرها مجدداً بما يعادل نسبة(/59؟)
من تكاليف نظر الدعوى في المرة الأولى» ويتحمل المدعي التكاليف الإضافية لنظرها ولو حكم لصالحه في موضوعالدعوى.

(نظام التكاليف القضائية - المادة التاسعة)
المادة التاسعة
إذا ترتب على الطلب تغير في تقدير قيمة الدعوى سواء بالزيادة أو النقص» فتُحسب التكاليف القضائية للدعوى بناء على تقدير القيمة الجديدة لهاء وذلك مع عدم الإخلالبالتكاليف
القضائية المحددة للطلبذاته.

(نظام المعاملات المدنية - المادة الحادية والسبعون بعدالستمائة)
المادة الحادية والسبعون بعدالستمائة
-١ إذا زاد المشتري في العقار المشفوع شيئاً من ماله أو بنى أو غرس فيه قبل إعلام الشفيع البائع والمشتري برغبته في الشفعة؛ فعلى الشفيع إذاأخذ
بالشفعة أن يدفع -تبعاً لما يختاره المشتري- مقدار ما أنفقه أو ما زاد في قيمة العقار بسبب زيادة المشتري أو بنائه أوغراسه.
-١ إذا كانت الزيادة أو البناء أو الغراس بعد الإعلام؛ فللشفيع إذا أخذ بالشفعة أن يطلب الإزالة على نفقة المشتري مع التعويض إن كان له مقتضء أوأن
يستبقي البناء أو الغراس على أن يدفع للمشتر ي ما أنفقه أو ما زاد في قيمة العقار ب بسبب زيادة ١ لمشتري أو بنائه أوغراسه.
""- إذا نقص العقار المشفوع بغير فعل المشتري أو بفعله قبل الإعلام؛ فللشفيع أخذه بكل الثمن أو تركه. ويحط عن الشفيع من ثمنه قيمة ما نقصبفعل
المشتري بعدالإعلام.
-١ إذا زاد المشتري في العقار المشفوع شيئاً من ماله أو بنى أو غرس فيه قبل إعلام الشفيع البائع والمشتري برغبته في الشفعة؛ فعلى الشفيع إذا أخذ بالشفعة أن يدفع -تبعاً لمايختاره
المشتري- مقدار ما أنفقه أو ما زاد في قيمة العقار بسبب زيادة المشتري أو بنائه أوغراسه.
؟- إذا كانت الزيادة أو البناء أو الغراس بعد الإعلام؛ فللشفيع إذا أخذ بالشفعة أن يطلب الإزالة على نفقة المشتري مع التعويض إن كان له مقتضء أو أن يستبقي البناء أو الغراسعلى
أن يدفع للمشتري ما أنفقه أو ما زاد في قيمة العقار بسبب زيادة المشتري أو بنائه أوغراسه.
إذا نقص العقار المشفوع بغير فعل المشتري أو بفعله قبل الإعلام؛ فللشفيع أخذه بكل الثمن أو تركه» ويحط عن الشفيع من ثمنه قيمة ما نقص بفعل المشتري بعدالإعلام."
Q010,formal_direct,ما التكاليف القضائية المترتبة على دعوى بطلان حكم التحكيم؟,نظام التكاليف القضائية,المادة الخامسة,"(نظام التكاليف القضائية - المادة الخامسة)
المادة الخامسة
تُفرض على دعوى بطلان حكم التحكيم تكاليف قضائية بما نسبته )١190( من قيمة المبلغ المحكوم به على مدعي البطلان؛ إذا حكم برفض طلبه؛ وبحد أعلى مليونربال.

(اللائحة التنفيذية لنظام التكاليف القضائية - المادة السادسة)
المادة السادسة
تُقدّر التكاليف القضائية للطلبات الواردة في المادة (السابعة) من النظام على النحوالآتي:
-١ طلب التماس إعادة النظر؛ عشرة آلافربإل.
-١ طلب النقض؛ سبعة آلافربال.
""- طلب الاستئناف؛ خمسة آلافربإل.
3 - طلب الإدخال من الخصومء» وطلب الردء وطلب تصحيح الحكم أو تفسيره» وطلب وقف تنفيذ الحكم ألفاربال.
5- الطلب العارض؛ ألفربال.
5- طلب أحد الخصوم السير في الدعوى الموقوفة اتفاقاً قبل انتهاء المدة المتفق عليها لوقف الخصومة؛ مائةربال.

(نظام التكاليف القضائية - المادة السابعة)
المادة السابعة
ثفرض على الطلبات الآتية تكاليف قضائية بمبلغ لا يزيد على عشرة آلاف ربالء وفقاً للمعايير والضوابط وقواعد التقدير التي تحددهااللائحة:
"".الطلباتالعارضة.
:.طلباتالرد.
5.طلب أحد الخصوم السير في الدعوى الموقوفة اتفاقاً قبل انتهاء المدة المتفق عليها لوقفالخصومة.
""إطلب تصحيح الحكم أوتفسيرة.
.الطلبات الأخرى التي تحددهااللائحة."
Q011,formal_paraphrase,كيف تحسب تكاليف دعوى بطلان حكم التحكيم إذا رفض الطلب؟,نظام التكاليف القضائية,المادة الخامسة,"(نظام التكاليف القضائية - المادة الخامسة)
المادة الخامسة
تُفرض على دعوى بطلان حكم التحكيم تكاليف قضائية بما نسبته )١190( من قيمة المبلغ المحكوم به على مدعي البطلان؛ إذا حكم برفض طلبه؛ وبحد أعلى مليونربال.

(اللائحة التنفيذية لنظام التكاليف القضائية - المادة السادسة)
المادة السادسة
تُقدّر التكاليف القضائية للطلبات الواردة في المادة (السابعة) من النظام على النحوالآتي:
-١ طلب التماس إعادة النظر؛ عشرة آلافربإل.
-١ طلب النقض؛ سبعة آلافربال.
""- طلب الاستئناف؛ خمسة آلافربإل.
3 - طلب الإدخال من الخصومء» وطلب الردء وطلب تصحيح الحكم أو تفسيره» وطلب وقف تنفيذ الحكم ألفاربال.
5- الطلب العارض؛ ألفربال.
5- طلب أحد الخصوم السير في الدعوى الموقوفة اتفاقاً قبل انتهاء المدة المتفق عليها لوقف الخصومة؛ مائةربال.

(نظام التكاليف القضائية - المادة الرابعة)
المادة الرابعة
إذا قررت المحكمة شطب الدعوىء أو حكمت باعتبارها كأن لم تكن» أو بعدم قبولها لعدم تحريرها؛ فتفرض تكاليف قضائية إضافية في حال نظرها مجدداً بما يعادل نسبة(/59؟)
من تكاليف نظر الدعوى في المرة الأولى» ويتحمل المدعي التكاليف الإضافية لنظرها ولو حكم لصالحه في موضوعالدعوى."
Q012,informal,لو طلبت إبطال حكم تحكيم وانرفض، كم تكون التكاليف؟,نظام التكاليف القضائية,المادة الخامسة,"(نظام التكاليف القضائية - المادة الخامسة)
المادة الخامسة
تُفرض على دعوى بطلان حكم التحكيم تكاليف قضائية بما نسبته )١190( من قيمة المبلغ المحكوم به على مدعي البطلان؛ إذا حكم برفض طلبه؛ وبحد أعلى مليونربال.

(نظام التكاليف القضائية - المادة الرابعة)
المادة الرابعة
إذا قررت المحكمة شطب الدعوىء أو حكمت باعتبارها كأن لم تكن» أو بعدم قبولها لعدم تحريرها؛ فتفرض تكاليف قضائية إضافية في حال نظرها مجدداً بما يعادل نسبة(/59؟)
من تكاليف نظر الدعوى في المرة الأولى» ويتحمل المدعي التكاليف الإضافية لنظرها ولو حكم لصالحه في موضوعالدعوى.

(نظام التحكيم - المادة الخمسونمعدلة)
المادة الخمسونمعدلة
-١ لا تقبل دعوى بطلان حكم التحكيم إلا في الأحوالالآتية:
أ- إذا لم يوجد اتفاق تحكيم أو كان هذا الاتفاق باطلاً» أو قابلاً للإبطال» أو سقط بانتهاءمدته.
ب- إذا كان أحد طرفي اتفاق التحكيم وقت إبرامه عديم الأهلية» أو ناقصهاء وفقاً للنظام الذي يحكمأهليته.
ج- إذا تعذر على أحد طرفي التحكيم تقديم دفاعه بسبب عدم إبلاغه إبلاغاً صحيحاً بتعيين محكم أو بإجراءات التحكيم؛ أو لأي سبب آخر خارج عنإرادته.
د- إذا استبعد حكم التحكيم تطبيق أي من القواعد النظامية التي اتفق طرفا التحكيم على تطبيقها على موضوعالنزاع.
ه إذا شكلت هيئة التحكيم أو عين المحكمون على وجه مخالف لهذا النظام» أو لاتفاقالطرفين.
و- إذا فصل حكم التحكيم في مسائل لا يشملها اتفاق التحكيم» ومع ذلك إذا أمكن فصل أجزاء الحكم الخاصة بالمسائل الخاضعة للتحكيم عن أجزائه الخاصة بالمسائل غيرالخاضعة
له فلا يقع البطلان إلا على الأجزاء غير الخاضعة للتحكيموحدها.
ز- إذا لم تراع هيئة التحكيم الشروط الواجب توافرها في الحكم على نحو أَثّر في مضمونه. أو استند الحكم على إجراءات تحكيم باطلة أنّرتفيه.
-١ تقضي المحكمة المختصة التي تنظر دعوى البطلان من تلقاء نفسها ببطلان حكم التحكيم إذا تضمن ما يخالف أحكام الشريعة الإسلامية والنظام العام في المملكة» أو ما اتفقعليه
طرفا التحكيم؛ أو إذا وجدت أن موضوع النزاع من المسائل التي لا يجوز التحكيم فيها بموجب هذا النظام.
-'٠ لا ينقضي اتفاق التحكيم بصدور حكم المحكمة المختصة ببطلان حكم التحكيم؛ ما لم يكن طرفا التحكيم قد اتفقا على ذلك؛ أو صدر حكم نص على إبطال اتفاقالتحكيم.
5- تنظر المحكمة المختصة في دعوى البطلان في الحالات المشار إليها في هذه المادة » دون أن يكون لها فحص وقائع وموضوعالنزاع."
Q013,formal_direct,ما الطلبات التي يجوز فرض تكاليف قضائية عليها بما لا يتجاوز عشرة آلاف ريال؟,نظام التكاليف القضائية,المادة السابعة,"(نظام التكاليف القضائية - المادة السابعة)
المادة السابعة
ثفرض على الطلبات الآتية تكاليف قضائية بمبلغ لا يزيد على عشرة آلاف ربالء وفقاً للمعايير والضوابط وقواعد التقدير التي تحددهااللائحة:
"".الطلباتالعارضة.
:.طلباتالرد.
5.طلب أحد الخصوم السير في الدعوى الموقوفة اتفاقاً قبل انتهاء المدة المتفق عليها لوقفالخصومة.
""إطلب تصحيح الحكم أوتفسيرة.
.الطلبات الأخرى التي تحددهااللائحة.

(نظام التكاليف القضائية - المادة الثامنة)
المادة الثامنة
١.تُقرض على الطلبات الآتية تكاليف قضائية بمبلغ لا يزيد على ألف ريال وفقاً للمعايير والضوابط وقواعد التقدير التي تحددهااللائحة:
أ- طلب ذي المصلحة تسليمه نسخة مصدقة من أوراق الدعوى أو سجلاتها -الورقية أو الإلكترونية- أو الوثائق أو الأوراق التي تحت يدالمحكمة.
ب- طلب ذي المصلحة الاطلاع على أوراق الدعوى أو سجلاتها (الورقية أوالإلكترونية).
ج- طلب نسخة بديلة للوثائقالقضائية.
؟. لا تسري أحكام الفقرة )١( من هذه المادة على الطلبات التي تقدم أثناء نظر الدعوى من أطرافها أو المدخلينفيها.

(اللائحة التنفيذية لنظام التكاليف القضائية - المادة الثالثة)
المادة الثالثة
تقدّر التكاليف القضاتية في الدعاوى غير محددة القيمة على النحوالآتي:
-١ الدعاوى الجزائية الخاصة؛ عشرة آلافريال.
؟- الدعاوى التي تُنظر لدى المحاكم التجارية والدوائر التجارية؛ خمسة آلافرياإل.
-'٠"" الدعاوى المستعجلة أيّا كانت المحكمة أو الدائرة التي تنظرها؛ ثلاثة آلافربال.
5- الدعاوى التي تُنظر لدى المحاكم العامة؛ ثلاثة آلافريال.
5- منازعات التنفيذ؛ ثلاثة آلافربال.
""- الدعاوى التي تُنظر لدى المحاكم العمالية والدوائر العمالية؛ ألفاربال."
Q014,formal_paraphrase,ما التكاليف المقررة على الطلبات العارضة وطلبات الرد وتصحيح الأحكام؟,نظام التكاليف القضائية,المادة السابعة,"(نظام التكاليف القضائية - المادة السابعة)
المادة السابعة
ثفرض على الطلبات الآتية تكاليف قضائية بمبلغ لا يزيد على عشرة آلاف ربالء وفقاً للمعايير والضوابط وقواعد التقدير التي تحددهااللائحة:
"".الطلباتالعارضة.
:.طلباتالرد.
5.طلب أحد الخصوم السير في الدعوى الموقوفة اتفاقاً قبل انتهاء المدة المتفق عليها لوقفالخصومة.
""إطلب تصحيح الحكم أوتفسيرة.
.الطلبات الأخرى التي تحددهااللائحة.

(اللائحة التنفيذية لنظام التكاليف القضائية - المادة السادسة)
المادة السادسة
تُقدّر التكاليف القضائية للطلبات الواردة في المادة (السابعة) من النظام على النحوالآتي:
-١ طلب التماس إعادة النظر؛ عشرة آلافربإل.
-١ طلب النقض؛ سبعة آلافربال.
""- طلب الاستئناف؛ خمسة آلافربإل.
3 - طلب الإدخال من الخصومء» وطلب الردء وطلب تصحيح الحكم أو تفسيره» وطلب وقف تنفيذ الحكم ألفاربال.
5- الطلب العارض؛ ألفربال.
5- طلب أحد الخصوم السير في الدعوى الموقوفة اتفاقاً قبل انتهاء المدة المتفق عليها لوقف الخصومة؛ مائةربال.

(نظام التكاليف القضائية - المادة الثامنة)
المادة الثامنة
١.تُقرض على الطلبات الآتية تكاليف قضائية بمبلغ لا يزيد على ألف ريال وفقاً للمعايير والضوابط وقواعد التقدير التي تحددهااللائحة:
أ- طلب ذي المصلحة تسليمه نسخة مصدقة من أوراق الدعوى أو سجلاتها -الورقية أو الإلكترونية- أو الوثائق أو الأوراق التي تحت يدالمحكمة.
ب- طلب ذي المصلحة الاطلاع على أوراق الدعوى أو سجلاتها (الورقية أوالإلكترونية).
ج- طلب نسخة بديلة للوثائقالقضائية.
؟. لا تسري أحكام الفقرة )١( من هذه المادة على الطلبات التي تقدم أثناء نظر الدعوى من أطرافها أو المدخلينفيها."
Q015,informal,وش الطلبات اللي ممكن رسومها توصل لعشرة آلاف؟,نظام التكاليف القضائية,المادة السابعة,"(اللائحة التنفيذية لنظام التكاليف القضائية - المادة السادسة)
المادة السادسة
تُقدّر التكاليف القضائية للطلبات الواردة في المادة (السابعة) من النظام على النحوالآتي:
-١ طلب التماس إعادة النظر؛ عشرة آلافربإل.
-١ طلب النقض؛ سبعة آلافربال.
""- طلب الاستئناف؛ خمسة آلافربإل.
3 - طلب الإدخال من الخصومء» وطلب الردء وطلب تصحيح الحكم أو تفسيره» وطلب وقف تنفيذ الحكم ألفاربال.
5- الطلب العارض؛ ألفربال.
5- طلب أحد الخصوم السير في الدعوى الموقوفة اتفاقاً قبل انتهاء المدة المتفق عليها لوقف الخصومة؛ مائةربال.

(نظام التكاليف القضائية - المادة السابعة)
المادة السابعة
ثفرض على الطلبات الآتية تكاليف قضائية بمبلغ لا يزيد على عشرة آلاف ربالء وفقاً للمعايير والضوابط وقواعد التقدير التي تحددهااللائحة:
"".الطلباتالعارضة.
:.طلباتالرد.
5.طلب أحد الخصوم السير في الدعوى الموقوفة اتفاقاً قبل انتهاء المدة المتفق عليها لوقفالخصومة.
""إطلب تصحيح الحكم أوتفسيرة.
.الطلبات الأخرى التي تحددهااللائحة.

(اللائحة التنفيذية لنظام التكاليف القضائية - المادة الثالثة)
المادة الثالثة
تقدّر التكاليف القضاتية في الدعاوى غير محددة القيمة على النحوالآتي:
-١ الدعاوى الجزائية الخاصة؛ عشرة آلافريال.
؟- الدعاوى التي تُنظر لدى المحاكم التجارية والدوائر التجارية؛ خمسة آلافرياإل.
-'٠"" الدعاوى المستعجلة أيّا كانت المحكمة أو الدائرة التي تنظرها؛ ثلاثة آلافربال.
5- الدعاوى التي تُنظر لدى المحاكم العامة؛ ثلاثة آلافريال.
5- منازعات التنفيذ؛ ثلاثة آلافربال.
""- الدعاوى التي تُنظر لدى المحاكم العمالية والدوائر العمالية؛ ألفاربال."
Q016,formal_direct,ما التكاليف القضائية المتعلقة بطلب نسخ أو الاطلاع على أوراق الدعوى؟,نظام التكاليف القضائية,المادة الثامنة,"(اللائحة التنفيذية لنظام التكاليف القضائية - المادة السابعة)
المادة السابعة
تكون التكاليف القضائية لكل طلب من الطلبات الواردة في المادة (الثامنة) من النظام على النحوالآتي:
-١ طلب ذي المصلحة الاطلاع على أوراق الدعوى أو سجلاتها - الورقية أو الإلكترونيق؛ خمسونريالاً.
- طلب نسخة بديلة للوثائق القضائية؛ مائةربإل.
3 ا الات ىل اهء 3 1 جا و اك04
الفصل الثالث: التقدير النهائي للتكاليف القضائيه»وتحصيلها

(نظام التكاليف القضائية - المادة الثامنة)
المادة الثامنة
١.تُقرض على الطلبات الآتية تكاليف قضائية بمبلغ لا يزيد على ألف ريال وفقاً للمعايير والضوابط وقواعد التقدير التي تحددهااللائحة:
أ- طلب ذي المصلحة تسليمه نسخة مصدقة من أوراق الدعوى أو سجلاتها -الورقية أو الإلكترونية- أو الوثائق أو الأوراق التي تحت يدالمحكمة.
ب- طلب ذي المصلحة الاطلاع على أوراق الدعوى أو سجلاتها (الورقية أوالإلكترونية).
ج- طلب نسخة بديلة للوثائقالقضائية.
؟. لا تسري أحكام الفقرة )١( من هذه المادة على الطلبات التي تقدم أثناء نظر الدعوى من أطرافها أو المدخلينفيها.

(نظام التكاليف القضائية - المادة الثالثةعشرة)
المادة الثالثةعشرة
١.يتحمل المحكوم عليه قيمة التكاليف القضائية المقررة للدعوى والطلبات المتصلة بها أو قسطأ منهاء ما لم ينص النظام أو اللائحة على غير ذلك» وذلك دون إخلال بحق ذويالشأن
في المطالبة بالتعويض. وفي حال كان المدعي غير محق في جزء من طلباته» فيتحمل قسط ذلكالجزء.
؟.إذا انتهت الدعوى بالصلح فيتحمل أطراف الدعوى التكاليف القضائية بالتساويء ما لم يتفقوا على غيرذلك."
Q017,formal_paraphrase,هل تفرض تكاليف على الحصول على نسخة مصدقة من مستندات القضية؟,نظام التكاليف القضائية,المادة الثامنة,"(نظام التكاليف القضائية - المادة الثامنة)
المادة الثامنة
١.تُقرض على الطلبات الآتية تكاليف قضائية بمبلغ لا يزيد على ألف ريال وفقاً للمعايير والضوابط وقواعد التقدير التي تحددهااللائحة:
أ- طلب ذي المصلحة تسليمه نسخة مصدقة من أوراق الدعوى أو سجلاتها -الورقية أو الإلكترونية- أو الوثائق أو الأوراق التي تحت يدالمحكمة.
ب- طلب ذي المصلحة الاطلاع على أوراق الدعوى أو سجلاتها (الورقية أوالإلكترونية).
ج- طلب نسخة بديلة للوثائقالقضائية.
؟. لا تسري أحكام الفقرة )١( من هذه المادة على الطلبات التي تقدم أثناء نظر الدعوى من أطرافها أو المدخلينفيها.

(اللائحة التنفيذية لنظام التكاليف القضائية - المادة السابعة)
المادة السابعة
تكون التكاليف القضائية لكل طلب من الطلبات الواردة في المادة (الثامنة) من النظام على النحوالآتي:
-١ طلب ذي المصلحة الاطلاع على أوراق الدعوى أو سجلاتها - الورقية أو الإلكترونيق؛ خمسونريالاً.
- طلب نسخة بديلة للوثائق القضائية؛ مائةربإل.
3 ا الات ىل اهء 3 1 جا و اك04
الفصل الثالث: التقدير النهائي للتكاليف القضائيه»وتحصيلها

(نظام التكاليف القضائية - المادة الثالثة)
المادة الثالثة
تفرض تكاليف قضائية على الدعوى بمبلغ لا يزيد على ما نسبته (590) من قيمة المطالبة» وبحد أعلى مبلغ مليون ريال. وتحدد اللائحة معايير تقدير التكاليف القضائيةوالضوابط
والقواعد المنظمةلذلك."
Q018,informal,إذا أبي نسخة من أوراق القضية أو أطلع عليها، فيه رسوم؟,نظام التكاليف القضائية,المادة الثامنة,"(نظام التكاليف القضائية - المادة الثامنة)
المادة الثامنة
١.تُقرض على الطلبات الآتية تكاليف قضائية بمبلغ لا يزيد على ألف ريال وفقاً للمعايير والضوابط وقواعد التقدير التي تحددهااللائحة:
أ- طلب ذي المصلحة تسليمه نسخة مصدقة من أوراق الدعوى أو سجلاتها -الورقية أو الإلكترونية- أو الوثائق أو الأوراق التي تحت يدالمحكمة.
ب- طلب ذي المصلحة الاطلاع على أوراق الدعوى أو سجلاتها (الورقية أوالإلكترونية).
ج- طلب نسخة بديلة للوثائقالقضائية.
؟. لا تسري أحكام الفقرة )١( من هذه المادة على الطلبات التي تقدم أثناء نظر الدعوى من أطرافها أو المدخلينفيها.

(اللائحة التنفيذية لنظام التكاليف القضائية - المادة السابعة)
المادة السابعة
تكون التكاليف القضائية لكل طلب من الطلبات الواردة في المادة (الثامنة) من النظام على النحوالآتي:
-١ طلب ذي المصلحة الاطلاع على أوراق الدعوى أو سجلاتها - الورقية أو الإلكترونيق؛ خمسونريالاً.
- طلب نسخة بديلة للوثائق القضائية؛ مائةربإل.
3 ا الات ىل اهء 3 1 جا و اك04
الفصل الثالث: التقدير النهائي للتكاليف القضائيه»وتحصيلها

(اللائحة التنفيذية لنظام المحاكم التجارية - المادة التاسعة والأربعون)
المادة التاسعة والأربعون : إتاحة اطلاع العموم على بيانات الدعاوىالتجارية
يشمل الاطلاع على أوراق القضية الاطلاع على نسخ الأحكام والقرارات الصادرةفيها."
Q019,formal_direct,كيف تتأثر التكاليف القضائية عند تغير قيمة الدعوى؟,نظام التكاليف القضائية,المادة التاسعة,"(نظام التكاليف القضائية - المادة التاسعة)
المادة التاسعة
إذا ترتب على الطلب تغير في تقدير قيمة الدعوى سواء بالزيادة أو النقص» فتُحسب التكاليف القضائية للدعوى بناء على تقدير القيمة الجديدة لهاء وذلك مع عدم الإخلالبالتكاليف
القضائية المحددة للطلبذاته.

(اللائحة التنفيذية لنظام التكاليف القضائية - المادة الثانية)
المادة الثانية
-١ مع مراعاة ما تقضي به المادة (الثالثة) من النظامء تُقدّر التكاليف القضائية للدعوى المحددة القيمة؛ على أساس نسبة من قيمة المطالبة فيهاء وذلك على النحوالآتي:
3 نسبة (9/05) إذا كانت قيمة المطالبة أقل من مائة ألفربال.
ب- نسبة (905) إذا كانت قيمة المطالبة مائة ألف ربإل فأكثرء وتقل عن خمسمائة ألفربال.
ج- نسبة (907) إذا كانت قيمة المطالبة خمسمائة ألف ريال فأكثرء وتقل عن مليونربال.
د- نسبة (907) إذا كانت قيمة المطالبة مليون ربإلفأعلى.
؟- تُحدد قيمة المطالبة على النحوالآتي:
أ- فيما يتعلق بالدعاوى المالية» تحدد على أساس المبلغ الذي يطلب المدعي الحكمبه.
اب- في الدعاوى المتعلقة بإثنبات صحة عقد أو فسخه أو إبطاله أو الإلزام بتنفيذه» تُحدد على أساس قيمة الشسيء المتنازع عليه وفقاً لقيمته المحددة فيالعقد.
ج- في الدعاوى المتعلقة بمنازعات ملكية عقار؛ تُحدد على أساس قيمة العقار عند رفع الدعوىء وتُحدد قيمة العقار بناء على البيانات التاريخية - الموثقة لدى وزارة العدل -لقيمة
مبايعات هذا العقار والعقارات المجاورة له» ونحو ذلك من الوسائل الأخرى التي ثُمكن الوزارة من تحليلقيمته.

(نظام التكاليف القضائية - المادة الثالثةعشرة)
المادة الثالثةعشرة
١.يتحمل المحكوم عليه قيمة التكاليف القضائية المقررة للدعوى والطلبات المتصلة بها أو قسطأ منهاء ما لم ينص النظام أو اللائحة على غير ذلك» وذلك دون إخلال بحق ذويالشأن
في المطالبة بالتعويض. وفي حال كان المدعي غير محق في جزء من طلباته» فيتحمل قسط ذلكالجزء.
؟.إذا انتهت الدعوى بالصلح فيتحمل أطراف الدعوى التكاليف القضائية بالتساويء ما لم يتفقوا على غيرذلك."
Q020,formal_paraphrase,كيف يعاد احتساب التكاليف عند زيادة أو نقصان قيمة المطالبة؟,نظام التكاليف القضائية,المادة التاسعة,"(نظام التكاليف القضائية - المادة التاسعة)
المادة التاسعة
إذا ترتب على الطلب تغير في تقدير قيمة الدعوى سواء بالزيادة أو النقص» فتُحسب التكاليف القضائية للدعوى بناء على تقدير القيمة الجديدة لهاء وذلك مع عدم الإخلالبالتكاليف
القضائية المحددة للطلبذاته.

(اللائحة التنفيذية لنظام التكاليف القضائية - المادة الثانية)
المادة الثانية
-١ مع مراعاة ما تقضي به المادة (الثالثة) من النظامء تُقدّر التكاليف القضائية للدعوى المحددة القيمة؛ على أساس نسبة من قيمة المطالبة فيهاء وذلك على النحوالآتي:
3 نسبة (9/05) إذا كانت قيمة المطالبة أقل من مائة ألفربال.
ب- نسبة (905) إذا كانت قيمة المطالبة مائة ألف ربإل فأكثرء وتقل عن خمسمائة ألفربال.
ج- نسبة (907) إذا كانت قيمة المطالبة خمسمائة ألف ريال فأكثرء وتقل عن مليونربال.
د- نسبة (907) إذا كانت قيمة المطالبة مليون ربإلفأعلى.
؟- تُحدد قيمة المطالبة على النحوالآتي:
أ- فيما يتعلق بالدعاوى المالية» تحدد على أساس المبلغ الذي يطلب المدعي الحكمبه.
اب- في الدعاوى المتعلقة بإثنبات صحة عقد أو فسخه أو إبطاله أو الإلزام بتنفيذه» تُحدد على أساس قيمة الشسيء المتنازع عليه وفقاً لقيمته المحددة فيالعقد.
ج- في الدعاوى المتعلقة بمنازعات ملكية عقار؛ تُحدد على أساس قيمة العقار عند رفع الدعوىء وتُحدد قيمة العقار بناء على البيانات التاريخية - الموثقة لدى وزارة العدل -لقيمة
مبايعات هذا العقار والعقارات المجاورة له» ونحو ذلك من الوسائل الأخرى التي ثُمكن الوزارة من تحليلقيمته.

(اللائحة التنفيذية لنظام التكاليف القضائية - المادة الخامسة)
المادة الخامسة
تقدّر التكاليف القضائية لطلب التنفيذ المباشر بمبلغ قدره خمسمائة ريال» وفيما يتعلق بباقي طلبات التنفيذ فتقدر التكاليف القضائية بنسبة اثنين في المائة (؟90) من قيمة المطالبةعلى
ألا تقل هذه التكاليف عن خمسمائة ريال ولا تزيد على عشرة آلافريال.
ويتحمل المنفذ ضده التكاليف القضائية لطلب التنفيذ ما لم يتبت أن طالب التنفيذ غير مستحق لمطالبته» فيتحمل طالب التنفيذ كامل التكاليف القضائية» وإذا كان طالب التنفيذغير
مستحق لجزء من مطالبته» فيتحمل من التكاليف القضائية بقدر هذاالجزء."
Q021,informal,إذا تغير مبلغ المطالبة تتغير الرسوم بعد؟,نظام التكاليف القضائية,المادة التاسعة,"(نظام التكاليف القضائية - المادة التاسعة)
المادة التاسعة
إذا ترتب على الطلب تغير في تقدير قيمة الدعوى سواء بالزيادة أو النقص» فتُحسب التكاليف القضائية للدعوى بناء على تقدير القيمة الجديدة لهاء وذلك مع عدم الإخلالبالتكاليف
القضائية المحددة للطلبذاته.

(اللائحة التنفيذية لنظام المحاكم التجارية - المادة السابعة والثلاثون بعدالمائتين)
المادة السابعة والثلاثون بعدالمائتين:
يقصد بالدعاوى اليسيرة - المنصوص عليها في الفقرة ("") من المادة الثامنة من النظام -الآتي:
أ- الدعاوى الواردة في الفقرتين )١( و(؟) من المادة السادسة عشرة من النظام إذا كانت قيمة المطالبة الأصلية لا تزيد على مليون ربال؛» عدا الدعاوى الناشئة عن مقاولاتالإنشاء.
ب - الدعاوى المقامة بناءً على الفقرتين (8) و(1) من المادة السادسة عشرة من النظام أياً كان مبلغ المطالبة فيهاء متى اتصلت بإحدى الدعاوى المنصوص عليهافي
الفقرة (أ) من هذهالمادة .

(نظام الأحوال الشخصية - المادة الثامنةوالأربعون)
المادة الثامنةوالأربعون
-١ مع مراعاة ما تقضي به المادة (السادسة والأربعون ) من هذا النظام» يجوز زيادة النفقة أو إنقاصها تبعاً لتغيرالأحوال.
-١ لا تُسمع دعوى زيادة النفقة أو إنقاصها قبل مضي (سنة) من تاريخ صدور الحكم بالنفقة إلا في الظروف الاستثنائية التي تقدرهاالمحكمة.
- تُحستب زيادة النفقة أو نقصانها اعتباراً من تاريخ صدورالحكم."
Q022,formal_direct,ما الدعاوى التي يجب فيها اللجوء إلى المصالحة أو الوساطة قبل قيد الدعوى؟,اللائحة التنفيذية لنظام المحاكم التجارية,المادة الثامنة والخمسون,"(اللائحة التنفيذية لنظام المحاكم التجارية - المادة الثامنة والخمسون)
المادة الثامنة والخمسون : الدعاوى التي يجب فيها سبق اللجوء للمصالحةوالوساطة
يجب اللجوء إلى المصالحة والوساطة قبل قيد أي من الدعاوىالآتية:
أ- الدعاوى المنصوص عليها في الفقرة (؟) من المادة السادسة عشرة منالنظام.
ب - الدعاوى المنصوص عليها في الفقرة )١( من المادة الحادية عشرة مناللائحة.
ج - الدعاوى التي يكون أطرافها زوجين» أو تربطهم صلة قرابة إلى الدرجةالرابعة.
د - الدعاوى المتعلقة بالعقود التي تتضمن الاتفاق - كتابة - على اللجوء إلى المصالحة والوساطة والتسوية الودية قبل اللجوء إلىالقضاء.

(اللائحة التنفيذية لنظام المحاكم التجارية - المادة التاسعة والخمسون)
المادة التاسعة والخمسون : الدعاوى التي يجب فيها سبق اللجوء للمصالحةوالوساطة
-١ يتحقق سبق اللجوء إلى المصالحة بتقديم وثيقة بانتهاء المصالحة بغير صلح أو بصلح في بعض المنازعة:» أو تقديم ما يثبت البدء في إجراءات المصالحة ومضي المدة المحددةفي
الفقرة )١( من المادة الثامنة من النظام» ولا يحول قيد الدعوى دون استمرار عملية المصالحةوالوساطة.
-١ تطبق أحكام المادة الحادية والعشرين من النظام في حال عدم تقديم المدعي ما نصت عليه الفقرة )١( من هذهالمادة .

(نظام المحاكم التجارية - المادة الثامنة)
المادة الثامنة
تحدد اللائحةالآتي:
١.إجراءات المصالحة والوساطة؛ بما في ذلك الدعاوى التي يجب أن يسبق نظرّها اللجوع إلى المصالحة والوساطة؛» على ألا تزيد مدة تلك الإجراءات على (ثلاثين) يوماً منتاريخ
البدء فيهاء ما لم تتفق الأطراف على مدةأطول.
؟.إجراءات الدعاوى الجماعية» على أن تتضمن تحديدها وإجراءات نظرها والحكمفيها.
"".إجراءات الدعاوى اليسيرة» على أن تتضمن تحديدها وإجراءات نظرها والحكمفيها."
Q023,formal_paraphrase,متى يكون سبق المصالحة أو الوساطة شرطًا قبل رفع الدعوى التجارية؟,اللائحة التنفيذية لنظام المحاكم التجارية,المادة الثامنة والخمسون,"(اللائحة التنفيذية لنظام المحاكم التجارية - المادة الثامنة والخمسون)
المادة الثامنة والخمسون : الدعاوى التي يجب فيها سبق اللجوء للمصالحةوالوساطة
يجب اللجوء إلى المصالحة والوساطة قبل قيد أي من الدعاوىالآتية:
أ- الدعاوى المنصوص عليها في الفقرة (؟) من المادة السادسة عشرة منالنظام.
ب - الدعاوى المنصوص عليها في الفقرة )١( من المادة الحادية عشرة مناللائحة.
ج - الدعاوى التي يكون أطرافها زوجين» أو تربطهم صلة قرابة إلى الدرجةالرابعة.
د - الدعاوى المتعلقة بالعقود التي تتضمن الاتفاق - كتابة - على اللجوء إلى المصالحة والوساطة والتسوية الودية قبل اللجوء إلىالقضاء.

(نظام المحاكم التجارية - المادة الثامنة)
المادة الثامنة
تحدد اللائحةالآتي:
١.إجراءات المصالحة والوساطة؛ بما في ذلك الدعاوى التي يجب أن يسبق نظرّها اللجوع إلى المصالحة والوساطة؛» على ألا تزيد مدة تلك الإجراءات على (ثلاثين) يوماً منتاريخ
البدء فيهاء ما لم تتفق الأطراف على مدةأطول.
؟.إجراءات الدعاوى الجماعية» على أن تتضمن تحديدها وإجراءات نظرها والحكمفيها.
"".إجراءات الدعاوى اليسيرة» على أن تتضمن تحديدها وإجراءات نظرها والحكمفيها.

(اللائحة التنفيذية لنظام المحاكم التجارية - المادة التاسعة والخمسون)
المادة التاسعة والخمسون : الدعاوى التي يجب فيها سبق اللجوء للمصالحةوالوساطة
-١ يتحقق سبق اللجوء إلى المصالحة بتقديم وثيقة بانتهاء المصالحة بغير صلح أو بصلح في بعض المنازعة:» أو تقديم ما يثبت البدء في إجراءات المصالحة ومضي المدة المحددةفي
الفقرة )١( من المادة الثامنة من النظام» ولا يحول قيد الدعوى دون استمرار عملية المصالحةوالوساطة.
-١ تطبق أحكام المادة الحادية والعشرين من النظام في حال عدم تقديم المدعي ما نصت عليه الفقرة )١( من هذهالمادة ."
Q024,informal,متى لازم أحاول أصلح أو أتوسط قبل ما أرفع القضية؟,اللائحة التنفيذية لنظام المحاكم التجارية,المادة الثامنة والخمسون,"(نظام المرافعات الشرعية - المادة السادسةوالستون)
المادة السادسةوالستون
على القاضي أن يسأل المدعي عما هو لازم لتحرير دعواه قبل استجواب المدعى عليه؛ وليس له السير فيها قبل ذلك» وإذا عجز المدعي عن تحريرها أو امتنع عن ذلك؛فيحكم
القاضي بصرف النظر عنالدعوى.

(قواعد العمل في مكاتب المصالحة وإجراءاته - المادة الرابعة)
المادة الرابعة: حيادالمصلح
لا يجوز للمصلح تولي المصالحة في الأحوال التي تؤثر على حياده واستقلاله إلا بعد الإفصاح لإدارة المكتب ولجميع أطراف المصالحة وقبولهم به خطيّاء ومن تلكالأحوال:
١.إذا كان للمصلح أو زوجته أو أقاربه أو أصهاره إلى الدرجة الرابعة مصلحة قائمة أو محتملة في المنازعة» كوجود علاقة مهنية له أو شراكة مع أحد الأطراف سواء أكانت قائمةأم
منتهية» أو وجود مصلحة له شخصية أو مالية في مخرجات المصالحة»؛ أو أي سبب آخر يمكن أن يؤثر في استقلالهوحياده.
؟.إذا كان قد سبق له الترافع عن أحد الأطراف في المنازعة» أو الإفتاء فيهاء أو النظر فيها خبيرًا أو محكّمّاء أو أدى شهادة فيهاء أو باشر إجراء من إجراءات التحقيقفيها.

(اللائحة التنفيذية لنظام المحاكم التجارية - المادة الثامنة والخمسون)
المادة الثامنة والخمسون : الدعاوى التي يجب فيها سبق اللجوء للمصالحةوالوساطة
يجب اللجوء إلى المصالحة والوساطة قبل قيد أي من الدعاوىالآتية:
أ- الدعاوى المنصوص عليها في الفقرة (؟) من المادة السادسة عشرة منالنظام.
ب - الدعاوى المنصوص عليها في الفقرة )١( من المادة الحادية عشرة مناللائحة.
ج - الدعاوى التي يكون أطرافها زوجين» أو تربطهم صلة قرابة إلى الدرجةالرابعة.
د - الدعاوى المتعلقة بالعقود التي تتضمن الاتفاق - كتابة - على اللجوء إلى المصالحة والوساطة والتسوية الودية قبل اللجوء إلىالقضاء."
Q025,formal_direct,ما البيانات التي يجب أن يتضمنها الإخطار قبل رفع الدعوى؟,اللائحة التنفيذية لنظام المحاكم التجارية,المادة السبعون,"(اللائحة التنفيذية لنظام المحاكم التجارية - المادة السادسة والسبعون)
المادة السادسة والسبعون : بيانات صحيفةالدعوى
يجب أن تتضمن صحيفة الدعوى - إضافة إلى البيانات المنصوص عليها في النظام ونظام المرافعات الشرعية -الآتي:
أ- الاسم الكامل للشخص الطبيعي للمدعي والمدعىعليه.
ب - رقم الهوية للشخص الطبيعيء ورقم السجل التجاري للشخص الاعتباري» وترخيص الاستثمار للمستثمر الأجنبي -بحسب الأحوال- للمدعي والمدعىعليه.
د - تاريخ الإخطار في الدعاوى التي يجب فيهاالإخطار.
ه - ما يتوافر من معلومات عن نشاط الطرف إذا كانتاجراً.
و - رقم رخصة المحاماة إذا كانت الدعوى يجب رفعها منمحام.
ز - بيانات الدعاوى المرتبطة - إن وجدت-.

(اللائحة التنفيذية لنظام المحاكم التجارية - المادة السبعون)
المادة السبعون:
يجب أن يتضمن الإخطار بيانات الأطراف؛ وموضوع النزاع؛ والطلبات» ومستندالمطالبة.

(اللائحة التنفيذية لنظام المحاكم التجارية - المادة الحاديةوالسبعون)
المادة الحاديةوالسبعون :
-١ يتحقق الإخطار بقيام المدعي بإرسال البيانات الواردة في المادة السبعين من اللائحة إلى أي من عناوين المدعى عليه بأي وسيلةكانت.
-١ يعد في حكم الإخطار تقديم ما يثبت اللجوء إلى التسوية الودية أو المصالحة أو الوساطة قبل قيد الدعوى» بشرط مضي المدة المنصوص عليها في الفقرة )١( من المادة التاسعة
عشرة منالنظام."
Q026,formal_paraphrase,ما المعلومات الواجب تضمينها في إخطار الطرف الآخر بالنزاع؟,اللائحة التنفيذية لنظام المحاكم التجارية,المادة السبعون,"(اللائحة التنفيذية لنظام المحاكم التجارية - المادة السبعون)
المادة السبعون:
يجب أن يتضمن الإخطار بيانات الأطراف؛ وموضوع النزاع؛ والطلبات» ومستندالمطالبة.

(نظام التحكيم - المادة السادسةوالثلاثون)
المادة السادسةوالثلاثون
-١ لهيئة التحكيم تعيين خبير أو أكثرء لتقديم تقرير مكتوب أو شفهي يثبت في محضر الجلسة في شأن مسائل معينة تحددها بقرار منهاء وتبلغ به كلاً من الطرفين ما لم يتفقا علىغير
""- على كل من الطرفين أن يقدم إلى الخبير المعلومات المتعلقة بالنزاع» وأن يمكنه من معاينة وفحص ما يطلبه من وثائق أو سلع أو أموال أخرى متعلقة بالنزاع. وتفصلهيئة
التحكيم في كل نزاع يقوم بين الخبير وأحد الطرفين في هذا الشأن بقرار غير قابل للطعن بأي طريق من طرقالطعن.
'- ترسل هيئة التحكيم صورة من تقرير الخبير بمجرد إيداعه لديها إلى كل من الطرفين؛ مع إتاحة الفرصة له لإبداء رأيه فيه. ولكليهما الحق في الاطلاع على الوثائق التياستند
إليها الخبير في تقريره وفحصها. ويصدر الخبير تقريره النهائي بعد الاطلاع على ما أبداه طرفا التحكيمحوله.
5- لهيئة التحكيم بعد تقديم تقرير الخبير أن تقرر من تلقاء نفسهاء أو بناءً على طلب أحد طرفي التحكيم» عقد جلسة لسماع أقوال الخبيرء مع إتاحة الفرصة للطرفين لسماعهومناقشته
في شأن ما ورد فيتقريره.

(اللائحة التنفيذية لنظام المحاكم التجارية - المادة الحاديةوالسبعون)
المادة الحاديةوالسبعون :
-١ يتحقق الإخطار بقيام المدعي بإرسال البيانات الواردة في المادة السبعين من اللائحة إلى أي من عناوين المدعى عليه بأي وسيلةكانت.
-١ يعد في حكم الإخطار تقديم ما يثبت اللجوء إلى التسوية الودية أو المصالحة أو الوساطة قبل قيد الدعوى» بشرط مضي المدة المنصوص عليها في الفقرة )١( من المادة التاسعة
عشرة منالنظام."
Q027,informal,وش لازم أكتب في الإخطار اللي أرسله للطرف الثاني؟,اللائحة التنفيذية لنظام المحاكم التجارية,المادة السبعون,"(اللائحة التنفيذية لنظام المحاكم التجارية - المادة السبعون)
المادة السبعون:
يجب أن يتضمن الإخطار بيانات الأطراف؛ وموضوع النزاع؛ والطلبات» ومستندالمطالبة.

(اللائحة التنفيذية لنظام المحاكم التجارية - المادة الحاديةوالسبعون)
المادة الحاديةوالسبعون :
-١ يتحقق الإخطار بقيام المدعي بإرسال البيانات الواردة في المادة السبعين من اللائحة إلى أي من عناوين المدعى عليه بأي وسيلةكانت.
-١ يعد في حكم الإخطار تقديم ما يثبت اللجوء إلى التسوية الودية أو المصالحة أو الوساطة قبل قيد الدعوى» بشرط مضي المدة المنصوص عليها في الفقرة )١( من المادة التاسعة
عشرة منالنظام.

(اللائحة التنفيذية لنظام المحاكم التجارية - المادة الثانيةوالسبعون)
المادة الثانيةوالسبعون :
يجب أن يرافق صحيفة الدعوى ما يثبت الإخطارء وفي حال عدم إرفاق ما يثبت الإخطار فتطبق أحكام المادة الحادية والعشرين منالنظام."
Q028,formal_direct,ما البيانات الواجب تضمينها في صحيفة الدعوى التجارية؟,اللائحة التنفيذية لنظام المحاكم التجارية,المادة السادسة والسبعون,"(اللائحة التنفيذية لنظام المحاكم التجارية - المادة السادسة والسبعون)
المادة السادسة والسبعون : بيانات صحيفةالدعوى
يجب أن تتضمن صحيفة الدعوى - إضافة إلى البيانات المنصوص عليها في النظام ونظام المرافعات الشرعية -الآتي:
أ- الاسم الكامل للشخص الطبيعي للمدعي والمدعىعليه.
ب - رقم الهوية للشخص الطبيعيء ورقم السجل التجاري للشخص الاعتباري» وترخيص الاستثمار للمستثمر الأجنبي -بحسب الأحوال- للمدعي والمدعىعليه.
د - تاريخ الإخطار في الدعاوى التي يجب فيهاالإخطار.
ه - ما يتوافر من معلومات عن نشاط الطرف إذا كانتاجراً.
و - رقم رخصة المحاماة إذا كانت الدعوى يجب رفعها منمحام.
ز - بيانات الدعاوى المرتبطة - إن وجدت-.

(اللائحة التنفيذية لنظام المحاكم التجارية - المادة السابعة والسبعون)
المادة السابعة والسبعون : بيانات صحيفةالدعوى
-١ يجب أن تتضمن صحيفة الدعوى بيان الارتباط بين الطلبات حالتعددها.
؟- دون إخلال بما نصت عليه المادة الحادية والعشرون من النظام» تحكم المحكمة بعدم قبول الدعوى عند تضمنها طلبات لا رابط بينهاء ما لم يحصر المدعي دعواه فيأحدها.

(نظام المحاكم التجارية - المادة العشرون)
المادة العشرون
١.ترفع الدعوى بصحيفة تودع لدى المحكمة؛ وتحدد اللائحة الدعاوى التي يجب رفعها منمحام.
"".يجب أن تتضمن صحيفة الدعوىالآتي:
أ-بيانات الأطراف وممثليهم وصفاتهم وعناوينهم» والبيانات والوثائق التي تحددهااللائحة.
ب-حصر الطلبات» وتحديد جميع أسانيدالدعوى.
"".لا يجمع في صحيفة الدعوى بين عدة طلبات لا رابطبينها."
Q029,formal_paraphrase,ما متطلبات بيانات أطراف الدعوى عند تقديم صحيفة الدعوى؟,اللائحة التنفيذية لنظام المحاكم التجارية,المادة السادسة والسبعون,"(اللائحة التنفيذية لنظام المحاكم التجارية - المادة السادسة والسبعون)
المادة السادسة والسبعون : بيانات صحيفةالدعوى
يجب أن تتضمن صحيفة الدعوى - إضافة إلى البيانات المنصوص عليها في النظام ونظام المرافعات الشرعية -الآتي:
أ- الاسم الكامل للشخص الطبيعي للمدعي والمدعىعليه.
ب - رقم الهوية للشخص الطبيعيء ورقم السجل التجاري للشخص الاعتباري» وترخيص الاستثمار للمستثمر الأجنبي -بحسب الأحوال- للمدعي والمدعىعليه.
د - تاريخ الإخطار في الدعاوى التي يجب فيهاالإخطار.
ه - ما يتوافر من معلومات عن نشاط الطرف إذا كانتاجراً.
و - رقم رخصة المحاماة إذا كانت الدعوى يجب رفعها منمحام.
ز - بيانات الدعاوى المرتبطة - إن وجدت-.

(نظام المحاكم التجارية - المادة العشرون)
المادة العشرون
١.ترفع الدعوى بصحيفة تودع لدى المحكمة؛ وتحدد اللائحة الدعاوى التي يجب رفعها منمحام.
"".يجب أن تتضمن صحيفة الدعوىالآتي:
أ-بيانات الأطراف وممثليهم وصفاتهم وعناوينهم» والبيانات والوثائق التي تحددهااللائحة.
ب-حصر الطلبات» وتحديد جميع أسانيدالدعوى.
"".لا يجمع في صحيفة الدعوى بين عدة طلبات لا رابطبينها.

(اللائحة التنفيذية لنظام المحاكم التجارية - المادة الثالثة والثمانون)
المادة الثالثة والثمانون : تهيئةالدعوى
تتولى الإدارة المختصة تهيئة الدعوى» ويشمل ذلكالآتي:
-١ إعداد التفرير الأولي عن الدعوىء؛ على أن يتضمن دراسة المسائل الأولية» وتحديد محل المنازعة بين الطرفين» ونطاقالأدلة.
؟- بيان الإجراءات التي تمت قبل القيد وفق أحكام الفقرة (؟) من المادة التاسعة عشرة منالنظام.
""- طلب إكمال أي متطلبات للتهيئة» بما في ذلكالآتي:
أ- طلب إكمال أي مستندات ذات صلة ببيانات ونشاط الأطراف أو أشير إليها في صحيفة الدعوى أو فيالمذكرات."
Q030,informal,إذا برفع دعوى تجارية، وش المعلومات اللي لازم أحطها؟,اللائحة التنفيذية لنظام المحاكم التجارية,المادة السادسة والسبعون,"(اللائحة التنفيذية لنظام المحاكم التجارية - المادة السادسة والسبعون)
المادة السادسة والسبعون : بيانات صحيفةالدعوى
يجب أن تتضمن صحيفة الدعوى - إضافة إلى البيانات المنصوص عليها في النظام ونظام المرافعات الشرعية -الآتي:
أ- الاسم الكامل للشخص الطبيعي للمدعي والمدعىعليه.
ب - رقم الهوية للشخص الطبيعيء ورقم السجل التجاري للشخص الاعتباري» وترخيص الاستثمار للمستثمر الأجنبي -بحسب الأحوال- للمدعي والمدعىعليه.
د - تاريخ الإخطار في الدعاوى التي يجب فيهاالإخطار.
ه - ما يتوافر من معلومات عن نشاط الطرف إذا كانتاجراً.
و - رقم رخصة المحاماة إذا كانت الدعوى يجب رفعها منمحام.
ز - بيانات الدعاوى المرتبطة - إن وجدت-.

(اللائحة التنفيذية لنظام المحاكم التجارية - المادة الثامنة والأربعون)
المادة الثامنة والأربعون : إتاحة اطلاع العموم على بيانات الدعاوىالتجارية
يكون طلب الاطلاع وفق أحكام الفقرة )١( من المادة الثالثة عشرة من النظام إلكترونياً؛ ولا يجوز نشر أو تداول أي بيانات أو وثائق في القضية إلا وفق الأحكام المننصوصعليها
في الأنظمة والقرارات ذاتالصلة

(اللائحة التنفيذية لنظام المحاكم التجارية - المادة الخمسون)
المادة الخمسون: إتاحة اطلاع العموم على بيانات الدعاوىالتجارية
-١ يكون تقرير سرية بعض أوراق الدعوى التجارية أو مستنداتها وفق أحكام الفقرة (؟) من المادة الثالثة عشرة من النظام بناءً على طلب يقدم من أي من الأطراف أو ذيمصلحة
متضمناً أسباب الطلب؛ وللمحكمة - عند الاقتضاء - تقرير سرية الأوراق أو المستندات مؤقتاً إلى حين الفصل فيالطلب.
؟- تفصل المحكمة في طلب السرية بقرار غير قابل للطعن بأي طريقء ولها في ذلكالآتي:
أ- تقرير سرية الأوراق أو المستندات لغير المحكمةوالأطراف.
ب - تقرير الاطلاع دون تداول الأوراق أوالمستندات.
ج - تقرير سرية الأوراق أو المستنداتمؤقتاً."
Q031,formal_direct,ما الإجراءات التي تتم في الجلسة التحضيرية قبل المرافعة؟,اللائحة التنفيذية لنظام المحاكم التجارية,المادة التسعون,"(اللائحة التنفيذية لنظام المحاكم التجارية - المادة التسعون)
المادة التسعون: تنظيم الجلساتوإدارتها
تعقد المحكمة جلسة تحضيرية قبل المرافعة» على أن يجري فيهاالآتي:
أ- التحقق من الاختصاص القضائيء» وشروط قبولالدعوى.
ب - عرض الصلح علىالأطراف.
د - تحديد نطاق الأدلة وقائمةالشهود.
ه - اعتماد خطة إدارةالدعوى.

(اللائحة التنفيذية لطرق الاعتراض على الأحكام - المادة التاسعةوالعشرون)
المادة التاسعةوالعشرون
-١ للمحكمة أن تعهد إلى أحد قضاتها تحضير القضية وتهيئتها للمرافعة» بما في ذلك دراستها وتحديد نطاق الاستئناف؛ وعقد جلسة تحضيرية» واستكمال المستندات» واستدعاءذوي
الشأن لسؤالهم عن الوقائع التي يرى لزوم تحقيقهاء وإعداد مشروع مسودة الحكم؛ كما يجوز أن تعهد المحكمة بدراسة القضية والوقائع إلى الإدارةالمختصة.
؟- للمحكمة» وللقاضي الذي عهد إليه تحضير القضية أن يمكّن الخصوم من تبادل المذكرات والمستندات لدى الإدارة المختصة خلال مدة لا تتجاوز (عشرين) يومّاء على أنتُحتَدَ
عدد المذكرات؛ وموعد إيداع كل منهاء وموعد الجلسةالتالية.
-'٠"" يترتب على عدم تقديم المذكرة أو المستند في مرحلة تحضير القضية الأثر ذاته الذي يترتب على عدم تقديمه أمامالمحكمة.

(اللائحة التنفيذية لإجراءات الاستئناف - المادة السادسةعشرة)
المادة السادسةعشرة
للدائرة في سبيل نظر القضية مرافعة الآتي:
-١ أن تعهد إلى أحد قضاتها بتحضير القضية للمرافعة» ومن ذلك دراسة القضية؛ وما يقدم من مذكرات ومستندات» وإعداد مشروع مسودة الحكم» دون سماع أقوالالخصوم.
-١ أن تمكن الخصوم بمحضر الجلسة من تبادل المذكرات والمستندات لدى إدارة المحكمة خلال مدة لا تتجاوز عشرين يوماًء على أن تحدد عدد المذكرات؛ وموعد إيداع كلمنهاء"
Q032,formal_paraphrase,ما الموضوعات التي تنظر فيها المحكمة خلال الجلسة التحضيرية؟,اللائحة التنفيذية لنظام المحاكم التجارية,المادة التسعون,"(اللائحة التنفيذية لنظام المحاكم التجارية - المادة التسعون)
المادة التسعون: تنظيم الجلساتوإدارتها
تعقد المحكمة جلسة تحضيرية قبل المرافعة» على أن يجري فيهاالآتي:
أ- التحقق من الاختصاص القضائيء» وشروط قبولالدعوى.
ب - عرض الصلح علىالأطراف.
د - تحديد نطاق الأدلة وقائمةالشهود.
ه - اعتماد خطة إدارةالدعوى.

(اللائحة التنفيذية لنظام المحاكم التجارية - المادة الرابعة والأربعون بعد المائتين)
المادة الرابعة والأربعون بعد المائتين: إجراءات نظر الدعاوىاليسيرة
تعقد المحكمة الجلسة التحضيرية المنصوص عليها في المادة التسعين من اللائحة؛ وإذا تحققت الدائرة من الاختصاص والمسائل الأولية» فتفصل في الدعوى مالم ترضرورة
لإجراء تبادل المذكرات؛ على ألا تتجاوز مدة تبادل المذكرات خمسة عشريوماً.

(اللائحة التنفيذية لطرق الاعتراض على الأحكام - المادة التاسعةوالعشرون)
المادة التاسعةوالعشرون
-١ للمحكمة أن تعهد إلى أحد قضاتها تحضير القضية وتهيئتها للمرافعة» بما في ذلك دراستها وتحديد نطاق الاستئناف؛ وعقد جلسة تحضيرية» واستكمال المستندات» واستدعاءذوي
الشأن لسؤالهم عن الوقائع التي يرى لزوم تحقيقهاء وإعداد مشروع مسودة الحكم؛ كما يجوز أن تعهد المحكمة بدراسة القضية والوقائع إلى الإدارةالمختصة.
؟- للمحكمة» وللقاضي الذي عهد إليه تحضير القضية أن يمكّن الخصوم من تبادل المذكرات والمستندات لدى الإدارة المختصة خلال مدة لا تتجاوز (عشرين) يومّاء على أنتُحتَدَ
عدد المذكرات؛ وموعد إيداع كل منهاء وموعد الجلسةالتالية.
-'٠"" يترتب على عدم تقديم المذكرة أو المستند في مرحلة تحضير القضية الأثر ذاته الذي يترتب على عدم تقديمه أمامالمحكمة."
Q033,informal,وش يصير بالجلسة التحضيرية قبل تبدأ المرافعة؟,اللائحة التنفيذية لنظام المحاكم التجارية,المادة التسعون,"(اللائحة التنفيذية لنظام المحاكم التجارية - المادة التسعون)
المادة التسعون: تنظيم الجلساتوإدارتها
تعقد المحكمة جلسة تحضيرية قبل المرافعة» على أن يجري فيهاالآتي:
أ- التحقق من الاختصاص القضائيء» وشروط قبولالدعوى.
ب - عرض الصلح علىالأطراف.
د - تحديد نطاق الأدلة وقائمةالشهود.
ه - اعتماد خطة إدارةالدعوى.

(اللائحة التنفيذية لطرق الاعتراض على الأحكام - المادة التاسعةوالعشرون)
المادة التاسعةوالعشرون
-١ للمحكمة أن تعهد إلى أحد قضاتها تحضير القضية وتهيئتها للمرافعة» بما في ذلك دراستها وتحديد نطاق الاستئناف؛ وعقد جلسة تحضيرية» واستكمال المستندات» واستدعاءذوي
الشأن لسؤالهم عن الوقائع التي يرى لزوم تحقيقهاء وإعداد مشروع مسودة الحكم؛ كما يجوز أن تعهد المحكمة بدراسة القضية والوقائع إلى الإدارةالمختصة.
؟- للمحكمة» وللقاضي الذي عهد إليه تحضير القضية أن يمكّن الخصوم من تبادل المذكرات والمستندات لدى الإدارة المختصة خلال مدة لا تتجاوز (عشرين) يومّاء على أنتُحتَدَ
عدد المذكرات؛ وموعد إيداع كل منهاء وموعد الجلسةالتالية.
-'٠"" يترتب على عدم تقديم المذكرة أو المستند في مرحلة تحضير القضية الأثر ذاته الذي يترتب على عدم تقديمه أمامالمحكمة.

(اللائحة التنفيذية لإجراءات الاستئناف - المادة السادسةعشرة)
المادة السادسةعشرة
للدائرة في سبيل نظر القضية مرافعة الآتي:
-١ أن تعهد إلى أحد قضاتها بتحضير القضية للمرافعة» ومن ذلك دراسة القضية؛ وما يقدم من مذكرات ومستندات» وإعداد مشروع مسودة الحكم» دون سماع أقوالالخصوم.
-١ أن تمكن الخصوم بمحضر الجلسة من تبادل المذكرات والمستندات لدى إدارة المحكمة خلال مدة لا تتجاوز عشرين يوماًء على أن تحدد عدد المذكرات؛ وموعد إيداع كلمنهاء"
Q034,formal_direct,هل يجوز استخدام تقنيات الذكاء الاصطناعي في الإجراءات الإلكترونية؟,اللائحة التنفيذية لنظام المحاكم التجارية,المادة الرابعة والعشرون,"(اللائحة التنفيذية لنظام المحاكم التجارية - المادة الرابعة والعشرون)
المادة الرابعة والعشرون : أحكامعامة
يجوز الاستفادة من تقنيات الذكاء الاصطناعي في الإجراءات الإلكترونية, ويستغنى عن أي إجراء تحققت غايته باستخدام تلكالتقنية.

(الأدلة الإجرائية لنظام الإثبات - المادة الثالثةوالعشرون)
المادة الثالثةوالعشرون
يجوز الاستعانة بالتقنيات الحديثة في إجراءات الإثبات» بما في ذلك الذكاء الاصطناعيء ويُستغنى عن أي إجراء تحققت غايته باستخدام هذهالتقنيات.

(اللائحة التنفيذية لنظام التوثيق - المادة العشرون)
المادة العشرون
-١ تعد وسائل التحقق الإلكترونية المعتمدة من الوزارة توقيعاًمعتمداً.
؟- يكون إجراء التوثيق وإصدار وثائقه عبر الوسائل الإلكترونية المعتمدة منالوزارة.
-'٠ يستفاد من التقنيات الحديثة والذكاء الاصطناعي في إجراءات التوثيق» ويستغنى عن أي إجراء تحققت غايته باستخدام تلكالتقنيات.
الفصل الثالث أوعية التوثيقوحفظها"
Q035,formal_paraphrase,ما حكم الاستفادة من الذكاء الاصطناعي في الإجراءات القضائية الإلكترونية؟,اللائحة التنفيذية لنظام المحاكم التجارية,المادة الرابعة والعشرون,"(اللائحة التنفيذية لنظام المحاكم التجارية - المادة الرابعة والعشرون)
المادة الرابعة والعشرون : أحكامعامة
يجوز الاستفادة من تقنيات الذكاء الاصطناعي في الإجراءات الإلكترونية, ويستغنى عن أي إجراء تحققت غايته باستخدام تلكالتقنية.

(الأدلة الإجرائية لنظام الإثبات - المادة الثالثةوالعشرون)
المادة الثالثةوالعشرون
يجوز الاستعانة بالتقنيات الحديثة في إجراءات الإثبات» بما في ذلك الذكاء الاصطناعيء ويُستغنى عن أي إجراء تحققت غايته باستخدام هذهالتقنيات.

(لائحة مقدمي خدمات التنفيذ - المادة السادسةعشرة)
المادة السادسةعشرة
يصدر الوكيل ما يلزم لإنفاذ اللائحة من قرارات وأدلة ونماذج» وتتولى الوكالة الإشراف على مقدمي الخدمة» ولها رقمنة جميع الإجراءات الواردة في هذه اللائحة أو بعضهاوإلزام
مقدمي الخدمة بذلك؛ وللوكالة استخدام تقنيات الذكاء الاصطناعي للقيام بخدماتالتنفيذ."
Q036,informal,المحكمة تقدر تستخدم AI في الإجراءات الإلكترونية؟,اللائحة التنفيذية لنظام المحاكم التجارية,المادة الرابعة والعشرون,"(اللائحة التنفيذية لنظام المحاكم التجارية - المادة الرابعة والعشرون)
المادة الرابعة والعشرون : أحكامعامة
يجوز الاستفادة من تقنيات الذكاء الاصطناعي في الإجراءات الإلكترونية, ويستغنى عن أي إجراء تحققت غايته باستخدام تلكالتقنية.

(القواعد المنظمة لإجراءات قضايا الإفلاس في المحاكم التجارية - المادة الثالثةعشرة)
المادة الثالثةعشرة
-١ للمحكمة -عند الاقتضاء- عقد جلساتها خارج مقرهاء أو عبر وسائل الاتصالالحديثة.
-١ للمحكمة -عند الاقتضاء- الاكتفاء بتوقيع بيان بحضور الجلسة» أو إثبات الحضورإلكترونيًا.
-٠"" إذا لم يتضمن محضر الضبط أقوالاً منسوبة لأحد الخصوم.ء أو غيرههم؛ أو إقرارّاء أو شهادة؛ فيكتفى بتوقيع قضاة الدائرة» وكاتب الضبط دونغيرهم.
5- يجوز أن يكون من الإجراءات المنصوص عليها في النظامء أو اللائحة التنفيذية إلكترونيّاء بما في ذلك تقديم وقيد الطلبات» ونظرها وتبادل المذكراتء والحكم والاعتراضعليه.
َ إلى 5 موف
إصدار الاحكام والقرارات والاعتراضعليها.

(نظام المحاكم التجارية - المادة السابعة)
المادة السابعة
يجوز أن يكون أي من الإجراءات المنصوص عليها في النظام إلكترونيّاء بما في ذلك تقديم الدعاوى والطلبات وقيدهاء ونظرهاء والترافع عن بُعدء وتبادل المذكرات»؛والحكم»
والاعتراض. وتحدد اللائحة إجراءات إنفاذ أحكام هذه المادة بما في ذلك الأحكام المتعلقة بوقت اتخاذالإجراء."
Q037,formal_direct,كيف يتحقق تبليغ الشخص الاعتباري؟,اللائحة التنفيذية لنظام المحاكم التجارية,المادة الأربعون,"(اللائحة التنفيذية لنظام المحاكم التجارية - المادة الأربعون)
المادة الأربعون: عنوانالتبليغ
يتحقق تبليغ الشخص الاعتباري بتبليغ الشخص المفوض بتلقي التبليغات في السجلالتجاري.

(نظام المحاكم التجارية - المادة الثلاثون)
المادة الثلاثون
١.إذا تبلغ المدعى عليه لشخصه أو وكليه» أو حضر أي منهما في أي جلسة أمام المحكمة؛ أو قدم مذكرة بدفاعه؛ عدت الخصومة حضورية» ولو تخلف بعدذلك.
"".إذا لم يحضر المدعى عليه أو وكيله وكان قد تبلغ لغير شخصهه فعلى المحكمة تأجيل نظر الدعوى إلى جلسة تالية يبلغ بهاء فإن لم يحضر وكان قد تبلغ لغير شخصه -للمرةالثانيق
فصلت في الدعوىء ويعد الحكم في حق المدعى عليهحضوريًا.
"".في جميع الأحوال» يعد تبليغ الشخصية الاعتبارية -بموجب أحكام النظام- تبليغاًالشخصها.
5 .تحدد اللائحة الحالات التي يعد فيها التبليغ تبليغاً لغير شخص المطلوبإبلاغه.

(اللائحة التنفيذية لنظام المحاكم التجارية - المادة الخامسة والأربعون)
المادة الخامسة والأربعون : إجراءاتالتبليغ
يعد تبليغ الشخص ذي الصفة الطبيعية تبليغاً لغير شخصه إذا تبلغ أحد الساكنين معه في مقر سكن من وجه إليهالتبليغ.
الفصل التاسع: حقالاطلاع"
Q038,formal_paraphrase,متى يعد تبليغ الشركة أو الشخص الاعتباري صحيحًا؟,اللائحة التنفيذية لنظام المحاكم التجارية,المادة الأربعون,"(اللائحة التنفيذية لنظام الإجراءات الجزائية - المادة الثامنة والسبعون بعدالمائة)
المادة الثامنة والسبعون بعدالمائة
يكون إجراء التبليغ صحيحاً متى بُلغ الشخص المطلوب عن طريق عنوانه المعتمد من الجهة المختصة أو ما يقوم مقامه نظاماًء وذلك فيما لم يرد به نصخاص.

(نظام الأحداث - المادة السادسة)
المادة السادسة
في جميع الأحوال لا يكون إجراء تبليغ الحدث صحيحاً إلا إذا بُلْغْ ولي أمره أو من يقوممقامه.

(اللائحة التنفيذية لنظام المحاكم التجارية - المادة الخامسة والأربعون)
المادة الخامسة والأربعون : إجراءاتالتبليغ
يعد تبليغ الشخص ذي الصفة الطبيعية تبليغاً لغير شخصه إذا تبلغ أحد الساكنين معه في مقر سكن من وجه إليهالتبليغ.
الفصل التاسع: حقالاطلاع"
Q039,informal,إذا الدعوى على شركة، مين لازم يستلم التبليغ؟,اللائحة التنفيذية لنظام المحاكم التجارية,المادة الأربعون,"(نظام المحاكم التجارية - المادة الحاديةعشرة)
المادة الحاديةعشرة
فيما لم يرد فيه نص خاص؛ يوجه التبليغ وفقالآتي:
١.الشخص ذي الصفة الطبيعية: في محل إقامته أو مسكنه أو محل عمله أو في أي مكان آخر يكون فيه أو لوكيله أو لأحد العاملين معه في مقر العمل ذي الصلة بالتعامل التجاريمحل
الدعوى.
”.الشركات: لممثلها النظامي أو لأحد الشركاء المتضامنين أو للمدير أو من ينوب عنه أو للإدارات القانونية في الشركة أو أحد أقسامها المخصصة لاستقبال المراسلاتالموجهة
إليهاء وإذا تعلقت الدعوى بفرع الشركة» فيجوز توجيه التبليغ إلى مدير ذلك الفرع أو من ينوبعنه.
”.الشركات الأجنبية التي لها فرع أو ممثل تجاري في المملكة: لمدير ذلك الفرع أو ممثلها التجاري أو من ينوبعنهما.
5.الأشخاص ذوو الصفة الاعتبارية (الآخرون): للممثل النظامي أو من ينوبعنه.
5.الجهات الإدارية: للوزير المختص أو لرئيس المؤسسة أو الهيئة أو لمن يقوممقامهم.
5.السفينة التجارية: لمالك السفينة التجارية أو لمستأجرها أو لربانها أو وكلائهم متى كانت الدعوى متعلقةبالسفينة.

(نظام المرافعات الشرعية - المادة الرابعةعشرة)
المادة الرابعةعشرة
يسلم المحضر صورة التبليغ ومرافقاتها إلى من وجهت إليه في مكان إقامته أو عمله إن وجدء وإلا فيسلمها إلى مَنْ يقرر أنه وكيله أو أنه يعمل في خدمته أو أنه من الساكنين معهمن
أهله وأقاربه وأصهاره: فإذا لم يوجد منهم أحد أو امتنع من وجد عن التسلّم أو كان قاصراً فيسلم الصورة ومرافقاتها بحسب الأحوال إلى عمدة الحي أو مركز الشرطة أورئيس
المركز أو معرف القبيلة الذين يقع مكان إقامة الموجه إليه التبليغ في نطاق اختصاصهم حسب الترتيب السابق» مع أخذ توقيعهم على الأصلبالتسلم.
وعلى المحضر خلال أربع وعشرين ساعة من تسليم الصورة إلى أي من الجهات المذكورة في هذه المادة أن يرسل إلى الموجه إليه التبليغ في مكان إقامته أو عمله خطاباً -مسجلاًمع
إشعار بالتسلّم- يخبره فيه بأن الصورة سلمت إلى تلك الجهة» وعلى المحضر كذلك أن يبين ذلك في حينه بالتفصيل في أصل التبليغ؛ ويعد التبليغ منتجاً لآثاره من وقتتسليم
الصورة وفقاً للأحوالالسابقة.

(نظام المرافعات الشرعية - المادة السابعةعشرة)
المادة السابعةعشرة
يكون تسليم صورة التبليغ على النحوالآتي:
أ ما يتعلق بالأجهزة الحكومية إلى رؤسائها أو مَنْ ينوبعنهم.
ب- ما يتعلق بالأشخاص ذوي الشخصية المعنوية العامة إلى مديريها أو مَنْ يقوم مقامهم أو مَنْيمثلهم.
ج- ما يتعلق بالشركات والجمعيات والمؤسسات الخاصة إلى مديريها أو مَنْ يقوم مقامهم أو مَنْيمثلهم.
د- ما يتعلق بالشركات والمؤسست الأجنبية التي لها فرع أو وكيل في المملكة إلى مدير الفرع أو مَنْ ينوب عنه أو الوكيل أو مَنْ ينوبعنه.
ه- ما يتعلق برجال القوات العسكرية ومن في حكمهم إلى المرجع المباشر لمن وجه إليهالتبليغ.
و - ما يتعلق بالبحارة وعمال السفن إلىالربان.
ز- ما يتعلق بالمحجور عليهم إلى الأوصياء أو الأولياء بحسبالأحوال.
ح- ما يتعلق بالمسجونين والموقوفين إلى مدير السجن أو مكان التوقيف أو مَنْ يقوممقامه.
ط ما يتعاق بمن ليس له مكان إقامة معروف أو مكان إقامة مختار في المملكة إلى وزارة الداخلية بالطرق الإدارية المتبعة لإعلانه بالطريقةالمناسبة."
Q040,formal_direct,متى يعد تبليغ الشخص الطبيعي قد تم لغير شخصه؟,اللائحة التنفيذية لنظام المحاكم التجارية,المادة الخامسة والأربعون,"(اللائحة التنفيذية لنظام المحاكم التجارية - المادة الخامسة والأربعون)
المادة الخامسة والأربعون : إجراءاتالتبليغ
يعد تبليغ الشخص ذي الصفة الطبيعية تبليغاً لغير شخصه إذا تبلغ أحد الساكنين معه في مقر سكن من وجه إليهالتبليغ.
الفصل التاسع: حقالاطلاع

(نظام المحاكم التجارية - المادة الثلاثون)
المادة الثلاثون
١.إذا تبلغ المدعى عليه لشخصه أو وكليه» أو حضر أي منهما في أي جلسة أمام المحكمة؛ أو قدم مذكرة بدفاعه؛ عدت الخصومة حضورية» ولو تخلف بعدذلك.
"".إذا لم يحضر المدعى عليه أو وكيله وكان قد تبلغ لغير شخصهه فعلى المحكمة تأجيل نظر الدعوى إلى جلسة تالية يبلغ بهاء فإن لم يحضر وكان قد تبلغ لغير شخصه -للمرةالثانيق
فصلت في الدعوىء ويعد الحكم في حق المدعى عليهحضوريًا.
"".في جميع الأحوال» يعد تبليغ الشخصية الاعتبارية -بموجب أحكام النظام- تبليغاًالشخصها.
5 .تحدد اللائحة الحالات التي يعد فيها التبليغ تبليغاً لغير شخص المطلوبإبلاغه.

(نظام المرافعات الشرعية - المادة السادسة عشرة مدلة)
المادة السادسة عشرة مدلة
يكون التبليغ نظامياً متى سلم إلى شخص من وجه إليه ولو في غير مكان إقامته أو عمله؛ أو كان بإحدى الوسائل الإلكترونية المنتصوص عليها في الفقرة (؟) من المادة (الثالثة
عشرة ) منالنظام."
Q041,formal_paraphrase,هل يعد استلام أحد الساكنين مع الشخص تبليغًا صحيحًا؟,اللائحة التنفيذية لنظام المحاكم التجارية,المادة الخامسة والأربعون,"(اللائحة التنفيذية لنظام المحاكم التجارية - المادة الخامسة والأربعون)
المادة الخامسة والأربعون : إجراءاتالتبليغ
يعد تبليغ الشخص ذي الصفة الطبيعية تبليغاً لغير شخصه إذا تبلغ أحد الساكنين معه في مقر سكن من وجه إليهالتبليغ.
الفصل التاسع: حقالاطلاع

(نظام المرافعات الشرعية - المادة الرابعةعشرة)
المادة الرابعةعشرة
يسلم المحضر صورة التبليغ ومرافقاتها إلى من وجهت إليه في مكان إقامته أو عمله إن وجدء وإلا فيسلمها إلى مَنْ يقرر أنه وكيله أو أنه يعمل في خدمته أو أنه من الساكنين معهمن
أهله وأقاربه وأصهاره: فإذا لم يوجد منهم أحد أو امتنع من وجد عن التسلّم أو كان قاصراً فيسلم الصورة ومرافقاتها بحسب الأحوال إلى عمدة الحي أو مركز الشرطة أورئيس
المركز أو معرف القبيلة الذين يقع مكان إقامة الموجه إليه التبليغ في نطاق اختصاصهم حسب الترتيب السابق» مع أخذ توقيعهم على الأصلبالتسلم.
وعلى المحضر خلال أربع وعشرين ساعة من تسليم الصورة إلى أي من الجهات المذكورة في هذه المادة أن يرسل إلى الموجه إليه التبليغ في مكان إقامته أو عمله خطاباً -مسجلاًمع
إشعار بالتسلّم- يخبره فيه بأن الصورة سلمت إلى تلك الجهة» وعلى المحضر كذلك أن يبين ذلك في حينه بالتفصيل في أصل التبليغ؛ ويعد التبليغ منتجاً لآثاره من وقتتسليم
الصورة وفقاً للأحوالالسابقة.

(اللائحة التنفيذية لنظام الإجراءات الجزائية - المادة الثامنة والسبعون بعدالمائة)
المادة الثامنة والسبعون بعدالمائة
يكون إجراء التبليغ صحيحاً متى بُلغ الشخص المطلوب عن طريق عنوانه المعتمد من الجهة المختصة أو ما يقوم مقامه نظاماًء وذلك فيما لم يرد به نصخاص."
Q042,informal,إذا واحد ساكن معي استلم التبليغ عني يعتبر تبلغت؟,اللائحة التنفيذية لنظام المحاكم التجارية,المادة الخامسة والأربعون,"(اللائحة التنفيذية لنظام المحاكم التجارية - المادة الخامسة والأربعون)
المادة الخامسة والأربعون : إجراءاتالتبليغ
يعد تبليغ الشخص ذي الصفة الطبيعية تبليغاً لغير شخصه إذا تبلغ أحد الساكنين معه في مقر سكن من وجه إليهالتبليغ.
الفصل التاسع: حقالاطلاع

(نظام المرافعات الشرعية - المادة الرابعةعشرة)
المادة الرابعةعشرة
يسلم المحضر صورة التبليغ ومرافقاتها إلى من وجهت إليه في مكان إقامته أو عمله إن وجدء وإلا فيسلمها إلى مَنْ يقرر أنه وكيله أو أنه يعمل في خدمته أو أنه من الساكنين معهمن
أهله وأقاربه وأصهاره: فإذا لم يوجد منهم أحد أو امتنع من وجد عن التسلّم أو كان قاصراً فيسلم الصورة ومرافقاتها بحسب الأحوال إلى عمدة الحي أو مركز الشرطة أورئيس
المركز أو معرف القبيلة الذين يقع مكان إقامة الموجه إليه التبليغ في نطاق اختصاصهم حسب الترتيب السابق» مع أخذ توقيعهم على الأصلبالتسلم.
وعلى المحضر خلال أربع وعشرين ساعة من تسليم الصورة إلى أي من الجهات المذكورة في هذه المادة أن يرسل إلى الموجه إليه التبليغ في مكان إقامته أو عمله خطاباً -مسجلاًمع
إشعار بالتسلّم- يخبره فيه بأن الصورة سلمت إلى تلك الجهة» وعلى المحضر كذلك أن يبين ذلك في حينه بالتفصيل في أصل التبليغ؛ ويعد التبليغ منتجاً لآثاره من وقتتسليم
الصورة وفقاً للأحوالالسابقة.

(نظام التحكيم - المادة السادسة)
المادة السادسة
-١ إذا لم يكن هناك اتفاق خاص بين طرفي التحكيم في شأن الإبلاغات فيتم تسليم الإبلاغ إلى المرسل إليه شخصيًا - أو من ينوب عنه أو إرساله إلى عنوانه البريدي المحددفي
العقد محل المنازعة»؛ أو المحدد في مشارطة التحكيم أو في الوثيقة المنظمة للعلاقة التي يتناولها التحكيم.1
-١ إذا تعذر تسليم الإبلاغ إلى المرسل إليه وفقاً للفقرة (١)؛ يعد التسليم قد تم إذا كان الإبلاغ بكتاب مسجل إلى آخر مقر عملء أو محل إقامة معتاد» أو عنوان بريدي معروفللمرسل
إليه.ْ
-٠ لا تسري أحكام هذه المادة على الإبلاغات القضائتية الخاصة ببطلان حكم التحكيم أمامالمحاكم."
Q043,formal_direct,هل يشترط الترافع بواسطة محام أمام الدائرة التجارية في المحكمة العليا؟,اللائحة التنفيذية لنظام المحاكم التجارية,المادة الرابعة والخمسون,"(اللائحة التنفيذية لنظام المحاكم التجارية - المادة الرابعة والخمسون)
المادة الرابعة والخمسون : الترافع منمحام
في جميع الأحوال؛ يجب أن تكون المرافعة وتقديم أي مذكرات لدى الدائرة التجارية في المحكمة العليا منمحام.

(اللائحة التنفيذية لنظام المحاكم التجارية - المادة الثانية والخمسون)
المادة الثانية والخمسون : الدعاوى والطلبات التي ترفع منمحام
يجب أن يكون رفع طلب النقض أو التماس إعادة النظر من محام.
يجب أن يكون الترافع أمام الدوائر الابتدائية ودوائر الاستئناف من محامء في الدعاوىالآتية:
أ - الدعاوى المنصوص عليها في الفقرات )١( و(١) و(5) و(4) من المادة السادسة عشرة من النظام؛ متى كانت قيمة المطالبة الأصلية تزيد على عشرة ملايينريال.
ب - الدعاوى المنصوص عليها في الفقرات (”*) و(5) و(1) و("") من المادة السادسة عشرة من النظام؛ متى كانت قيمة المطالبة الأصلية تزيد على مليونيريإل.
ج -الدعاوى المنصوص عليها في الفقرة (5) من المادة السادسة عشرة من النظام» متى كانت الدعوى تتعلق بطلب افتتاح إجراء إعادة تنظيممالي.

(نظام المحاكم التجارية - المادة الخامسةوالعشرون)
المادة الخامسةوالعشرون
١.يكون توزيع الدعاوى بين أعضاء الدائرة وفق آلية يحددهاالمجلس.
؟.تكون إجراءات نظر الدعوى والمرافعة فيها كتابة» على أنه يجوز للدائرة سماع ما لدى الأطراف مشافهة. وللأطراف أن يطلبوا من المحكمة سماع ملخص لأقوالهمودفوعهم
مشافهة في ختام مرافعتهم» وتثبت المحكمة ذلك في محضرالجلسة.
"".تحدد اللائحة الدعاوى التي يجب أن يكون الترافع فيها منمحام."
Q044,formal_paraphrase,من يحق له تقديم المذكرات أمام الدائرة التجارية في المحكمة العليا؟,اللائحة التنفيذية لنظام المحاكم التجارية,المادة الرابعة والخمسون,"(اللائحة التنفيذية لنظام المحاكم التجارية - المادة الرابعة والخمسون)
المادة الرابعة والخمسون : الترافع منمحام
في جميع الأحوال؛ يجب أن تكون المرافعة وتقديم أي مذكرات لدى الدائرة التجارية في المحكمة العليا منمحام.

(نظام المحاكم التجارية - المادة الثامنةوالثمانون)
المادة الثامنةوالثمانون
تختص الدائرة التجارية في المحكمة العليا بالنظر في الاعتراضات على الأحكام والقرارات التي تصدرها دوائر الاستئناف في المحكمة؛ إذا كان محل الاعتراض على الحكم مايأتي:
١.مخالفة أحكام الشريعة الإسلامية أو الأنظمة» أو الخطأ في تطبيقها أو تأويلهاء أو مخالفة مبدأ قضائي صادر من المحكمةالعليا.
؟.صدوره من محكمة غير مختصة» أو صدوره من محكمة غير مشكلة تشكيلآً صحيحاً وفق أحكامالنظام.
”"".الخطأ في تكييف الواقعة أو فيوصفها.
:.فصله في نزاع خلافاً لحكم آخر سبق أن صدر بين أطرافالدعوى.

(نظام المحاكم التجارية - المادة الثامنةوالعشرون)
المادة الثامنةوالعشرون
١.يجوز أن تعهد الدائرة إلى أحد قضاتها تحضير الدعوى وتهيئتها للمرافعة» بما في ذلكالآتي:
أ-استكمال المذكرات والمستندات» واستدعاء ذوي الشأن لسؤالهم عن الوقائع التي يرى لزوم تحقيقهاء وإدخال وقبول تدخل من يصحاختصامه.
ب-إعداد دراسة عنالدعوى.
"".للمحكمة أو للقاضي المكلف بتحضير الدعوى تكليف الأطراف بتبادل المذكرات والمستندات أو الإذن بتقديمها لدى الإدارةالمختصة.
""'.تسري على إجراءات تحضير الدعوى وتبادل المذكرات؛ أحكام المادة (السادسة والعشرين) منالنظام."
Q045,informal,أقدر أرافع بنفسي قدام الدائرة التجارية بالمحكمة العليا؟,اللائحة التنفيذية لنظام المحاكم التجارية,المادة الرابعة والخمسون,"(اللائحة التنفيذية لنظام المحاكم التجارية - المادة الرابعة والخمسون)
المادة الرابعة والخمسون : الترافع منمحام
في جميع الأحوال؛ يجب أن تكون المرافعة وتقديم أي مذكرات لدى الدائرة التجارية في المحكمة العليا منمحام.

(نظام المحاكم التجارية - المادة الثامنةوالثمانون)
المادة الثامنةوالثمانون
تختص الدائرة التجارية في المحكمة العليا بالنظر في الاعتراضات على الأحكام والقرارات التي تصدرها دوائر الاستئناف في المحكمة؛ إذا كان محل الاعتراض على الحكم مايأتي:
١.مخالفة أحكام الشريعة الإسلامية أو الأنظمة» أو الخطأ في تطبيقها أو تأويلهاء أو مخالفة مبدأ قضائي صادر من المحكمةالعليا.
؟.صدوره من محكمة غير مختصة» أو صدوره من محكمة غير مشكلة تشكيلآً صحيحاً وفق أحكامالنظام.
”"".الخطأ في تكييف الواقعة أو فيوصفها.
:.فصله في نزاع خلافاً لحكم آخر سبق أن صدر بين أطرافالدعوى.

(نظام المحاكم التجارية - المادة الثالثة)
المادة الثالثة
يتولى المجلس الأعلى للقضاء -وففًا لاختصاصاته النظر فيالآتي:
١.إنشاء المحاكم التجارية في المناطق والمحافظات بحسب الحاجة» على أن تكوّن كل محكمة من دوائر استئناف ودوائرابتدائية.
؟.تأليف دوائر استئناف ودوائر ابتدائية في المحاكم التجارية من ثلاثة قضاة» ويجوز تأليف الدوائر من قاضٍ واحد وفق أحكامالنظام."
Q046,formal_direct,كيف يتم إثبات المصالحة التي يتوصل إليها الأطراف بعد قيد القضية؟,اللائحة التنفيذية لنظام المحاكم التجارية,المادة الحادية والستون,"(اللائحة التنفيذية لنظام المحاكم التجارية - المادة الحادية والستون)
المادة الحادية والستون : المصالحة بعدالقيد
إذا توصل الأطراف إلى المصالحة أو التسوية بعد قيد القضية» أثبت ما اتفقوا عليه في محضر صلحء يوقع من الخصوم ومن الموظف المختصء ويذيل بالصيغةالتنفيذية.

(اللائحة التنفيذية لنظام المحاكم التجارية - المادة الستون)
المادة الستون: المصالحة بعدالقيد
للمحكمة في أي مرحلة إحالة الأطراف - بشرط موافقتهم - إلى المصالحة والوساطة» ويثبت ذلك في محضر القضية»: وتراعي في الموعد التالي مدة إجراءات المصالحةوالوساطة.

(اللائحة التنفيذية لنظام المحاكم التجارية - المادة الثانية والستون)
المادة الثانية والستون : المصالحة بعدالقيد
في الأحوال التي تنتهي المصالحة فيها بسند تنفيذي بموجب أحكام نظام التنفيذ» تزود المحكمة بصورة منه» وتعد الدعوى منقضيةبذلك."
Q047,formal_paraphrase,ما الإجراء المتبع عند اتفاق الخصوم على التسوية بعد تسجيل الدعوى؟,اللائحة التنفيذية لنظام المحاكم التجارية,المادة الحادية والستون,"(الأدلة الإجرائية لنظام الإثبات - المادة التاسعة)
المادة التاسعة
-١ في الأحوال التي تُعمل فيها المحكمة اتفاق الخصوم على إجراء من إجراءات الإثبات» يجب إثبات ذلك عند اتخاذالإجراء.
-١ إذا لم تأخذ المحكمة باتفاق الخصوم لمخالفته للنظام العام؛ فعليها أن تبين وجهالمخالفة.

(اللائحة التنفيذية لنظام المحاكم التجارية - المادة الحادية والستون)
المادة الحادية والستون : المصالحة بعدالقيد
إذا توصل الأطراف إلى المصالحة أو التسوية بعد قيد القضية» أثبت ما اتفقوا عليه في محضر صلحء يوقع من الخصوم ومن الموظف المختصء ويذيل بالصيغةالتنفيذية.

(اللائحة التنفيذية لنظام المحاكم التجارية - المادة السبعون بعد المائتين)
المادة السبعون بعد المائتين: عرض التسوية في الدعوىالجماعية
يجب قبل نظر الدعوى الجماعية عرض التسوية على الأطرافء وفي حال توصل ممثل المدعين إلى تسوية مع المدعى عليه» فيجب على ممثل المدعين عرضها علىالمدعين
بالوسيلة المناسبة مع تحديد ميعاد لإبداء الموافقة على العرض من عدمه خلال مدة لا تتجاوز ثلاثين يومأ؛ وفي حال قبلها أغلبية المدعين» فتثبت التسوية بحق من قبل بهاوتنهي
المحكمة الدعوى الجماعيةبذلك."
Q048,informal,إذا تصالحنا بعد ما سجلنا القضية، وش يصير؟,اللائحة التنفيذية لنظام المحاكم التجارية,المادة الحادية والستون,"(اللائحة التنفيذية لنظام المحاكم التجارية - المادة الحادية والستون)
المادة الحادية والستون : المصالحة بعدالقيد
إذا توصل الأطراف إلى المصالحة أو التسوية بعد قيد القضية» أثبت ما اتفقوا عليه في محضر صلحء يوقع من الخصوم ومن الموظف المختصء ويذيل بالصيغةالتنفيذية.

(نظام المعاملات المدنية - المادة الأولى بعدالأربعمائة)
المادة الأولى بعدالأربعمائة
يترتب على عقد الصلح انقضاء الحقوق والادعاءات التي نزل عنها أ من المتصالحين» وليس لأي منهما أو لورثته الرجوعفيه.

(قواعد العمل في مكاتب المصالحة وإجراءاته - المادة الثامنة عشر)
المادة الثامنة عشر: انتهاءالمصالحة
تنتهي المصالحة في أي من الأحوالالآتية:
١.إذا توصل أطراف المصالحة إلى صلح منهٍللخصومة.
”.إذا غاب أحد أطراف المصالحة وفقًا لما ورد في المادة الرابعةعشرة .
"".ذا انسحب أحد أطراف المصالحة في أي مرحلة منمراحلها.
54.إذا تعذر الصلح من أحد أطراف المصالحة لوفاته أو انقضاء شخصيته الاعتبارية أو غيرذلك.
5.إذا تجاوزت جلسات المصالحة عدد الجلسات أو المدد المذكورة في المادة السادسةعشرة .
"".إذا رأى المصلح عدم جدوى المضي في إجراءات المصالحة أو تكررت مخالفة أطرافها لآداب المصالحة وإجراءاتها فله الاعتذار» ويرفع بذلك إلى مدير مكتب المصالحةللتقرير
في إنهاء المصالحة أو إحالتها إلى مصلحآخر."
Q049,formal_direct,ما البيانات التي يجب إثباتها عند إصدار أمر من المحكمة بسبب واقعة إخلال؟,,,"(اللائحة التنفيذية لنظام المحاكم التجارية - المادة الخامسةوالستون)
المادة الخامسةوالستون :
يكون إثبات أمر المحكمة المنصوص عليه في الفقرة )١( من المادة الثالثة عشرة من النظام في محضر القضية» على أن يتضمن إثبات الواقعة محل الإخلال؛ ومقدار الغرامة»وتحديد
الشخص أو الأشخاص الصادر بحقهم الأمرء ويزود رئيس المحكمة بنسخة منه فورصدوره.

(الأدلة الإجرائية لنظام الإثبات - المادة الثانيةوالثمانون)
المادة الثانيةوالثمانون
-١ يجب أن تتضمن الدعوى المستعجلة لسماع الشهادةالآتي:
أ- بيان الواقعة محلالشهادة.
ب- بيان وجه الضرورة: أوالاستعجال.
ج- بيانات المشهود عليه إنأمكن.
د- بياناتالشاهد.
-١ تسمع المحكمة شهادة الشاهد عند استيفائها المتطلبات النظامية؛ بما في ذلك كون الواقعة مما يجوز إثباتها بشهادةالشهود.

(الأدلة الإجرائية لنظام الإثبات - المادة الثانيةوالعشرون)
المادة الثانيةوالعشرون
يجب على المحكمة عند العدول عن أي إجراء من إجراءات الإثبات أن تدون ذلك في المحضرء مبينةالآتي:
-١ الإجراء الذي غدلعنه.
-١ سببالعدول.
""- ما يترتب على العدول عندالاقتضاء."
Q050,formal_paraphrase,كيف يوثق أمر المحكمة المتعلق بالغرامة والواقعة محل الإخلال؟,,,"(اللائحة التنفيذية لنظام المحاكم التجارية - المادة الخامسةوالستون)
المادة الخامسةوالستون :
يكون إثبات أمر المحكمة المنصوص عليه في الفقرة )١( من المادة الثالثة عشرة من النظام في محضر القضية» على أن يتضمن إثبات الواقعة محل الإخلال؛ ومقدار الغرامة»وتحديد
الشخص أو الأشخاص الصادر بحقهم الأمرء ويزود رئيس المحكمة بنسخة منه فورصدوره.

(اللائحة التنفيذية لنظام الإجراءات الجزائية - المادة المائة)
المادة المائة
-١ على المحكمة تدوين ما يقع مما يخل بنظام الجلسة في محضرء أو في ضبطالدعوى.
؟ - يحرر الأمر الصادر بسجن من يخل بنظام الجلسة استناداً إلى المادة (الثانية والأربعين بعد المائة) من النظام؛ بكتاب رسميء ويُبعث للجهة المختصةلتنفيذه.

(نظام مكافحة غسل الأموال - المادة الرابعةوالأربعون)
المادة الرابعةوالأربعون
-١ للنيابة العامة -بمبادرة منها أو بطلب من الإدارة العامة للتحريات المالية أو رجل ضبط جنائي بناءً على الاشتباه في جريمة غسل أموال أو جريمة أصلية أن تأمربالحجز
التتحفظي على الأموال محل المصادرة أو التي قد تصبح محلاً للمصادرة: لمدة لا تتجاوز (ستين) يوماً. ويُصدر الأمرء ويطبق من دون إشعار مسبق للطرف المعني. ويمكنتمديد
الأمر مدة أطول بموجب أمر قضائي صادر من المحكمة المختصّة مع عدم الإخلال بحقوق أي طرف آخر حسنالنيّة.
؟- للنيابة العامة -عند إصدار أمر الحجز التحفظي- أن ثبقي الأموال المحجوزة تحت إدارة صاحب المصلحة فيها أو أي طرف آخرء أو أن تطلب من المحكمة المختصة الأمربنقل
هذه الأموال إلى جهة مختصة للحد من احتمالاختفائها."
Q051,informal,إذا المحكمة فرضت غرامة بسبب مخالفة، كيف يسجلونها؟,,,"(نظام المحاكم التجارية - المادة الثالثةعشرة)
المادة الثالثةعشرة
١.دون إخلال بأي عقوبة أخرى ينص عليها نظام آخر؛ للمحكمة عند إخلال أحد الأطراف بأي من إجراءات الدعوى أو نظام الجلسة أن تأمر بفرض غرامة لا تتجاوز عشرة آلاف
ربال» ويعد أمر المحكمة في هذا الشأننهائيًا.
"".يتاح اطلاع العموم على بيانات الدعاوى التجارية وأوراقها ومستنداتها لقاء مقابل مالي يعادل تكلفةالخدمة.
ويجوز -بناءًَ على طلب ذي مصلحة تقرير سرية بعض أوراق الدعوى التجارية أو مستنداتها لغير المحكمة» وذلك دون إخلال بعلنية المرافعة والأنظمة ذات العلاقة» وتحدداللائحة
الإجراءات والضوابط المنظمةذلك.

(اللائحة التنفيذية لنظام الإجراءات الجزائية - المادة المائة)
المادة المائة
-١ على المحكمة تدوين ما يقع مما يخل بنظام الجلسة في محضرء أو في ضبطالدعوى.
؟ - يحرر الأمر الصادر بسجن من يخل بنظام الجلسة استناداً إلى المادة (الثانية والأربعين بعد المائة) من النظام؛ بكتاب رسميء ويُبعث للجهة المختصةلتنفيذه.

(نظام التنفيذ - المادة السبعون٠)
المادة السبعون٠
إذا تعذر استخدام القوة المختصة لإجراء التنفيذء أو إذا فرضت غرامة مالية على المنفذ ضده ولم ينفذ خلال المدة التي يحددها قاضي التنفيذ» جاز له أن يصدر أمرًا بحبس المنفذضده
لإجباره علىالتنفيذ."
Q052,formal_direct,متى يجب على المدعي إخطار المدعى عليه قبل رفع الدعوى التجارية؟,,,"(نظام المحاكم التجارية - المادة التاسعةعشر)
المادة التاسعةعشر
١.يجب في الدعاوى التي تحددها اللائحة أن يخطر المدعي المدعى عليه كتابة بأداء الحق المدعى به قبل (خمسة عشر) يوماً على الأقل من إقامةالدعوى.
؟.يجوز لأطراف التعامل التجاري قبل قيد الدعوى -وتحت إشراف المحكمة اتخاذ أي ممايأتي:
أ-إجراءات المصالحةوالوساطة.
ب-تبادل المستنداتوالمذكرات.
ج-عقد اجتماع لتحديد الطلبات والدفوعوالبينات.
وتحدد اللائحة أحكام إنفاذ هذه الفقرة بما في ذلك كيفية توثيق ما تماتخاذه.

(اللائحة التنفيذية لنظام المحاكم التجارية - المادة التاسعةوالستون)
المادة التاسعةوالستون :
يجب أن يخطر المدعي المدعى عليه وفق أحكام الفقرة ( ١ ) من المادة التاسعة عشرة من النظام في جميع الدعاوى التي تختص بنظرها المحكمة»؛ فيما عداالآتي:
-١ الدعاوى المتصلة بالعقوبات المنصوص عليها في الأنظمةالتجارية.
-١ الدعاوى التي تكون جهة الإدارة طرفاًفيها.
3 الدعاوى المحددة إجراءات رفعها بموجب نصوص نظاميةخاصة.
:- الدعاوىاليسيرة.
5 الطلباتالمستعجلة.

(اللائحة التنفيذية لنظام المحاكم التجارية - المادة الحاديةوالسبعون)
المادة الحاديةوالسبعون :
-١ يتحقق الإخطار بقيام المدعي بإرسال البيانات الواردة في المادة السبعين من اللائحة إلى أي من عناوين المدعى عليه بأي وسيلةكانت.
-١ يعد في حكم الإخطار تقديم ما يثبت اللجوء إلى التسوية الودية أو المصالحة أو الوساطة قبل قيد الدعوى» بشرط مضي المدة المنصوص عليها في الفقرة )١( من المادة التاسعة
عشرة منالنظام."
Q053,formal_paraphrase,ما الحالات المستثناة من وجوب الإخطار قبل إقامة الدعوى؟,,,"(نظام المرافعات الشرعية - المادة الثانية عشرة معدلة)
المادة الثانية عشرة معدلة
لا يجوز إجراء أي تبليغ في مكان الإقامة قبل شروق الشمس ولا بعد غروبهاء ولا في أيام العطل الرسمية» إلا في حالات الضرورة وبإذن كتابي من القاضيء ويجوز إجراؤه فيأي
وقت إذا كان عن طريق إحدى الوسائلالإلكترونية.

(اللائحة التنفيذية لنظام المحاكم التجارية - المادة الحاديةوالسبعون)
المادة الحاديةوالسبعون :
-١ يتحقق الإخطار بقيام المدعي بإرسال البيانات الواردة في المادة السبعين من اللائحة إلى أي من عناوين المدعى عليه بأي وسيلةكانت.
-١ يعد في حكم الإخطار تقديم ما يثبت اللجوء إلى التسوية الودية أو المصالحة أو الوساطة قبل قيد الدعوى» بشرط مضي المدة المنصوص عليها في الفقرة )١( من المادة التاسعة
عشرة منالنظام.

(نظام المحاكم التجارية - المادة التاسعةعشر)
المادة التاسعةعشر
١.يجب في الدعاوى التي تحددها اللائحة أن يخطر المدعي المدعى عليه كتابة بأداء الحق المدعى به قبل (خمسة عشر) يوماً على الأقل من إقامةالدعوى.
؟.يجوز لأطراف التعامل التجاري قبل قيد الدعوى -وتحت إشراف المحكمة اتخاذ أي ممايأتي:
أ-إجراءات المصالحةوالوساطة.
ب-تبادل المستنداتوالمذكرات.
ج-عقد اجتماع لتحديد الطلبات والدفوعوالبينات.
وتحدد اللائحة أحكام إنفاذ هذه الفقرة بما في ذلك كيفية توثيق ما تماتخاذه."
Q054,informal,لازم أكلم الطرف الثاني قبل ما أرفع عليه قضية تجارية؟,,,"(نظام المحاكم التجارية - المادة التاسعةعشر)
المادة التاسعةعشر
١.يجب في الدعاوى التي تحددها اللائحة أن يخطر المدعي المدعى عليه كتابة بأداء الحق المدعى به قبل (خمسة عشر) يوماً على الأقل من إقامةالدعوى.
؟.يجوز لأطراف التعامل التجاري قبل قيد الدعوى -وتحت إشراف المحكمة اتخاذ أي ممايأتي:
أ-إجراءات المصالحةوالوساطة.
ب-تبادل المستنداتوالمذكرات.
ج-عقد اجتماع لتحديد الطلبات والدفوعوالبينات.
وتحدد اللائحة أحكام إنفاذ هذه الفقرة بما في ذلك كيفية توثيق ما تماتخاذه.

(نظام المرافعات الشرعية - المادة السادسةوالستون)
المادة السادسةوالستون
على القاضي أن يسأل المدعي عما هو لازم لتحرير دعواه قبل استجواب المدعى عليه؛ وليس له السير فيها قبل ذلك» وإذا عجز المدعي عن تحريرها أو امتنع عن ذلك؛فيحكم
القاضي بصرف النظر عنالدعوى.

(اللائحة التنفيذية لنظام المحاكم التجارية - المادة التاسعةوالستون)
المادة التاسعةوالستون :
يجب أن يخطر المدعي المدعى عليه وفق أحكام الفقرة ( ١ ) من المادة التاسعة عشرة من النظام في جميع الدعاوى التي تختص بنظرها المحكمة»؛ فيما عداالآتي:
-١ الدعاوى المتصلة بالعقوبات المنصوص عليها في الأنظمةالتجارية.
-١ الدعاوى التي تكون جهة الإدارة طرفاًفيها.
3 الدعاوى المحددة إجراءات رفعها بموجب نصوص نظاميةخاصة.
:- الدعاوىاليسيرة.
5 الطلباتالمستعجلة."
Q055,formal_direct,ما الحكم إذا تضمنت صحيفة الدعوى عدة طلبات لا رابط بينها؟,اللائحة التنفيذية لنظام المحاكم التجارية,المادة السابعة والسبعون,"(اللائحة التنفيذية لنظام المحاكم التجارية - المادة السابعة والسبعون)
المادة السابعة والسبعون : بيانات صحيفةالدعوى
-١ يجب أن تتضمن صحيفة الدعوى بيان الارتباط بين الطلبات حالتعددها.
؟- دون إخلال بما نصت عليه المادة الحادية والعشرون من النظام» تحكم المحكمة بعدم قبول الدعوى عند تضمنها طلبات لا رابط بينهاء ما لم يحصر المدعي دعواه فيأحدها.

(نظام المحاكم التجارية - المادة العشرون)
المادة العشرون
١.ترفع الدعوى بصحيفة تودع لدى المحكمة؛ وتحدد اللائحة الدعاوى التي يجب رفعها منمحام.
"".يجب أن تتضمن صحيفة الدعوىالآتي:
أ-بيانات الأطراف وممثليهم وصفاتهم وعناوينهم» والبيانات والوثائق التي تحددهااللائحة.
ب-حصر الطلبات» وتحديد جميع أسانيدالدعوى.
"".لا يجمع في صحيفة الدعوى بين عدة طلبات لا رابطبينها.

(نظام المرافعات الشرعية - المادة الحادية والأربعون معدلة)
المادة الحادية والأربعون معدلة
-١ ترفع الدعوى من المدعي بصحيفة -موقعة منه أو ممن يمثله- تودع لدى المحكمة من أصل وصور بعدد المدعىعليهم.
ويجب أن تشمل صحيفة الدعوى البيااتالآنية:
أ- الاسم الكامل للمدعيء ورقم هويته» ومهنته أو وظيفته ومكان إقامته» ومكان عمله؛ والاسم الكامل لمَنْ يمثله» ورقم هويته» ومهنته أو وظيفته؛ ومكان إقامته ومكانعمله.
ب- الاسم الكامل للمدعى عليه؛ وما يتوافر من معلومات عن مهنته أو وظيفته» ومكان إقامته ومكان عمله؛ فإن لم يكن له مكان إقامة معلوم فآخر مكان إقامة كانله.
ج- تاريخ تقديمالصحيفة.
د- المحكمة المرفوعة أمامهاالدعوى.
ه- مكان إقامة مختار للمدعي في البلد الذي فيه مقر المحكمة إن لم يكن له مكان إقامةفيها.
و- موضوع الدعوىء وما يطلبه المدعيءوأسانيده.
ويكتفى بالنسبة إلى الأجهزة الحكومية في الفقرات (أء ب» ه) من هذه المادة بذكر الاسموالمقر.
وللمجلس الأعلى للقضاء عند الاقتضاء إضافة ما يلزم من وسائل وبيانتأخرى.
؟- لا يجمع في صحيفة الدعوى بين عدة طلبات لا رابطبينها.
""- أ- تسري على المنازعات العمالية الجماعية القواعد والإجراءات المقررة في المنازعات العمالية الأخرىء مالم يقرر المجلس الأعلى للقضاء خلافذلك.
ب- تكون المنازعة العمالية جماعية عندما تنشأ المنازعة بين واحد (أو أكثر) من أصحاب العمل وجميع عماله؛ أو فريق منهم؛ بسبب العمل أو شروطالعمل."
Q056,formal_paraphrase,ما المتطلبات المتعلقة بالارتباط بين الطلبات المتعددة في صحيفة الدعوى؟,اللائحة التنفيذية لنظام المحاكم التجارية,المادة السابعة والسبعون,"(اللائحة التنفيذية لنظام المحاكم التجارية - المادة السابعة والسبعون)
المادة السابعة والسبعون : بيانات صحيفةالدعوى
-١ يجب أن تتضمن صحيفة الدعوى بيان الارتباط بين الطلبات حالتعددها.
؟- دون إخلال بما نصت عليه المادة الحادية والعشرون من النظام» تحكم المحكمة بعدم قبول الدعوى عند تضمنها طلبات لا رابط بينهاء ما لم يحصر المدعي دعواه فيأحدها.

(نظام المحاكم التجارية - المادة العشرون)
المادة العشرون
١.ترفع الدعوى بصحيفة تودع لدى المحكمة؛ وتحدد اللائحة الدعاوى التي يجب رفعها منمحام.
"".يجب أن تتضمن صحيفة الدعوىالآتي:
أ-بيانات الأطراف وممثليهم وصفاتهم وعناوينهم» والبيانات والوثائق التي تحددهااللائحة.
ب-حصر الطلبات» وتحديد جميع أسانيدالدعوى.
"".لا يجمع في صحيفة الدعوى بين عدة طلبات لا رابطبينها.

(نظام المرافعات الشرعية - المادة الحادية والأربعون معدلة)
المادة الحادية والأربعون معدلة
-١ ترفع الدعوى من المدعي بصحيفة -موقعة منه أو ممن يمثله- تودع لدى المحكمة من أصل وصور بعدد المدعىعليهم.
ويجب أن تشمل صحيفة الدعوى البيااتالآنية:
أ- الاسم الكامل للمدعيء ورقم هويته» ومهنته أو وظيفته ومكان إقامته» ومكان عمله؛ والاسم الكامل لمَنْ يمثله» ورقم هويته» ومهنته أو وظيفته؛ ومكان إقامته ومكانعمله.
ب- الاسم الكامل للمدعى عليه؛ وما يتوافر من معلومات عن مهنته أو وظيفته» ومكان إقامته ومكان عمله؛ فإن لم يكن له مكان إقامة معلوم فآخر مكان إقامة كانله.
ج- تاريخ تقديمالصحيفة.
د- المحكمة المرفوعة أمامهاالدعوى.
ه- مكان إقامة مختار للمدعي في البلد الذي فيه مقر المحكمة إن لم يكن له مكان إقامةفيها.
و- موضوع الدعوىء وما يطلبه المدعيءوأسانيده.
ويكتفى بالنسبة إلى الأجهزة الحكومية في الفقرات (أء ب» ه) من هذه المادة بذكر الاسموالمقر.
وللمجلس الأعلى للقضاء عند الاقتضاء إضافة ما يلزم من وسائل وبيانتأخرى.
؟- لا يجمع في صحيفة الدعوى بين عدة طلبات لا رابطبينها.
""- أ- تسري على المنازعات العمالية الجماعية القواعد والإجراءات المقررة في المنازعات العمالية الأخرىء مالم يقرر المجلس الأعلى للقضاء خلافذلك.
ب- تكون المنازعة العمالية جماعية عندما تنشأ المنازعة بين واحد (أو أكثر) من أصحاب العمل وجميع عماله؛ أو فريق منهم؛ بسبب العمل أو شروطالعمل."
Q057,informal,عادي أحط أكثر من طلب في القضية حتى لو مالهم علاقة ببعض؟,اللائحة التنفيذية لنظام المحاكم التجارية,المادة السابعة والسبعون,"(اللائحة التنفيذية لنظام المحاكم التجارية - المادة السابعة والسبعون)
المادة السابعة والسبعون : بيانات صحيفةالدعوى
-١ يجب أن تتضمن صحيفة الدعوى بيان الارتباط بين الطلبات حالتعددها.
؟- دون إخلال بما نصت عليه المادة الحادية والعشرون من النظام» تحكم المحكمة بعدم قبول الدعوى عند تضمنها طلبات لا رابط بينهاء ما لم يحصر المدعي دعواه فيأحدها.

(نظام المعاملات المدنية - المادة الخامسة والتسعون بعدالخمسمائة)
المادة الخامسة والتسعون بعدالخمسمائة
إذا تعدد الكفلاء بدين واحد جازت مطالبة كل منهم بكل الدين إلا إذا كفلوا جميعاً في عقد واحد ولم يشترط فيه تضامنهم فلا يطالب أحد منهم إلا بقدرحصته.
إذا تعدد الكفلاء بدين واحد جازت مطالبة كل منهم بكل الدين إلا إذا كفلوا جميعاً في عقد واحد ولم يشترط فيه تضامنهم فلا يطالب أحد منهم إلا بقدرحصته.

(نظام الإجراءات الجزائية - المادة السابعة والأربعون بعدالمائة)
المادة السابعة والأربعون بعدالمائة
لمن لحقه ضرر من الجريمة - ولوارثه من بعده - أن يطالب بحقه الخاص أمام المحكمة المنظورة أمامها الدعوى الجزائية العامة في أي حال كانت عليها الدعوى» حتى لو لميقبل
طلبه أثناءالتحقيق."
Q058,formal_direct,من يعتمد خطة إدارة الدعوى وكيف يتم تنفيذها؟,اللائحة التنفيذية لنظام المحاكم التجارية,المادة الخامسة والثمانون,"(اللائحة التنفيذية لنظام المحاكم التجارية - المادة الخامسة والثمانون)
المادة الخامسة والثمانون : تنفيذ خطة إدارةالدعوى
يعتمد رئيس الدائرة خطة إدارة الدعوى وتحال للإدارة المختصة لتنفيذهاء ويتاح للأطراف الاطلاععليها.

(اللائحة التنفيذية لنظام المحاكم التجارية - المادة السادسة والثمانون)
المادة السادسة والثمانون : تنفيذ خطة إدارةالدعوى
تتولى الإدارة المختصة مايلي:
-١ إدارة الدعوى وفق الخطةالمعتمدة.
؟- إجراءات تبادل المذكرات في حال تضمنته خطة إدارة الدعوى أو قررت الدائرة أو القاضي المحضر إجراء تبادلالمذكرات.
وللإدارة المختصة الرفع إلى الدائرة - عند الاقتضاء - عن أي صعوبات تواجهها؛ لتقرير ما تراهالدائرة.

(اللائحة التنفيذية لنظام المحاكم التجارية - المادة الرابعة والثمانون)
المادة الرابعة والثمانون : خطة إدارةالدعوى
مع مراعاة المدد المنصوص عليها في المادة الثامنة والثلاثين من اللائحة؛ تعد الإدارة المختصة بعد قيد الدعوى مشروع خطة إدارة الدعوى, على أن تتضمنالآتي:
أ- تصنيفالدعوى.
ب - وصفاً مختصراً للدعوىوالطلب.
ج - الوقت المقترح لنظرالدعوى.
ه -اقتراح أي إجراء يتطلبه نظر الدعوى وآليةتنفيذه."
Q059,formal_paraphrase,ماذا يحدث لخطة إدارة الدعوى بعد إعدادها؟,اللائحة التنفيذية لنظام المحاكم التجارية,المادة الخامسة والثمانون,"(اللائحة التنفيذية لنظام المحاكم التجارية - المادة الرابعة والثمانون)
المادة الرابعة والثمانون : خطة إدارةالدعوى
مع مراعاة المدد المنصوص عليها في المادة الثامنة والثلاثين من اللائحة؛ تعد الإدارة المختصة بعد قيد الدعوى مشروع خطة إدارة الدعوى, على أن تتضمنالآتي:
أ- تصنيفالدعوى.
ب - وصفاً مختصراً للدعوىوالطلب.
ج - الوقت المقترح لنظرالدعوى.
ه -اقتراح أي إجراء يتطلبه نظر الدعوى وآليةتنفيذه.

(اللائحة التنفيذية لنظام المحاكم التجارية - المادة الخامسة والثمانون)
المادة الخامسة والثمانون : تنفيذ خطة إدارةالدعوى
يعتمد رئيس الدائرة خطة إدارة الدعوى وتحال للإدارة المختصة لتنفيذهاء ويتاح للأطراف الاطلاععليها.

(اللائحة التنفيذية لنظام المحاكم التجارية - المادة السادسة والثمانون)
المادة السادسة والثمانون : تنفيذ خطة إدارةالدعوى
تتولى الإدارة المختصة مايلي:
-١ إدارة الدعوى وفق الخطةالمعتمدة.
؟- إجراءات تبادل المذكرات في حال تضمنته خطة إدارة الدعوى أو قررت الدائرة أو القاضي المحضر إجراء تبادلالمذكرات.
وللإدارة المختصة الرفع إلى الدائرة - عند الاقتضاء - عن أي صعوبات تواجهها؛ لتقرير ما تراهالدائرة."
Q060,informal,مين يعتمد خطة القضية وهل الأطراف يقدرون يشوفونها؟,اللائحة التنفيذية لنظام المحاكم التجارية,المادة الخامسة والثمانون,"(اللائحة التنفيذية لنظام المحاكم التجارية - المادة الخامسة والثمانون)
المادة الخامسة والثمانون : تنفيذ خطة إدارةالدعوى
يعتمد رئيس الدائرة خطة إدارة الدعوى وتحال للإدارة المختصة لتنفيذهاء ويتاح للأطراف الاطلاععليها.

(اللائحة التنفيذية لنظام المحاكم التجارية - المادة السابعة والثمانون)
المادة السابعة والثمانون : تنفيذ خطة إدارةالدعوى
تعد الإدارة المختصة تقريراً نهائيأء يتضمنالآتي:
أ- ملخصاً للإجراءات التي تمت في القضية» وخلاصة وافية للطلبات والبيناتوالدفوع.
ب - دراسة قانونية وافية عن القضية» مشتملة على المبادئ والسوابق القضائية ذاتالصلة.
الفصل الرابع: نظرالدعوى

(اللائحة التنفيذية لنظام المحاكم التجارية - المادة الحادية والستون)
المادة الحادية والستون : المصالحة بعدالقيد
إذا توصل الأطراف إلى المصالحة أو التسوية بعد قيد القضية» أثبت ما اتفقوا عليه في محضر صلحء يوقع من الخصوم ومن الموظف المختصء ويذيل بالصيغةالتنفيذية."
